actor_a,actor_b,weight,shared
0xTomDaniel,EditUndo,1,1
0xTomDaniel,EliasLumer,1,1
0xTomDaniel,Fannon,1,1
0xTomDaniel,JerryDaHeLian,1,1
0xTomDaniel,KiteSoar,1,1
0xTomDaniel,KomachiSion,1,1
0xTomDaniel,Lancetnik,1,1
0xTomDaniel,OyaAIProd,1,1
0xTomDaniel,SecureAgentTools,1,1
0xTomDaniel,ThierryThevenet,1,1
0xTomDaniel,Zephyr-Blessed,1,1
0xTomDaniel,aeoess,1,1
0xTomDaniel,aiagentexpert,1,1
0xTomDaniel,ajaynagotha,1,1
0xTomDaniel,alain-sv,1,1
0xTomDaniel,architectureofthings,1,1
0xTomDaniel,batprem,1,1
0xTomDaniel,benclarkeio,1,1
0xTomDaniel,chendatony31,1,1
0xTomDaniel,chorghemaruti64-creator,1,1
0xTomDaniel,daltonnyx,1,1
0xTomDaniel,darrelmiller,1,1
0xTomDaniel,deepakskhetwal,1,1
0xTomDaniel,dinesh707,1,1
0xTomDaniel,edenreich,1,1
0xTomDaniel,egor-baranov,1,1
0xTomDaniel,everettVT,1,1
0xTomDaniel,heiko-hotz,1,1
0xTomDaniel,holtskinner,1,1
0xTomDaniel,izzymsft,1,1
0xTomDaniel,jebinj22,1,1
0xTomDaniel,kimehdgns,1,1
0xTomDaniel,kthota-g,1,1
0xTomDaniel,lalrow,1,1
0xTomDaniel,liuming-dev,1,1
0xTomDaniel,liuzengh,1,1
0xTomDaniel,lorenzocipriani-huawei,1,1
0xTomDaniel,mikeas1,1,1
0xTomDaniel,mindpower,1,1
0xTomDaniel,muscariello,1,1
0xTomDaniel,ognis1205,1,1
0xTomDaniel,princejha95,1,1
0xTomDaniel,pstephengoogle,1,1
0xTomDaniel,raveenb,1,1
0xTomDaniel,rebeccacamejo,1,1
0xTomDaniel,ruFFaa,1,1
0xTomDaniel,sandangel,1,1
0xTomDaniel,tot-ra,1,1
0xTomDaniel,ukshankar,1,1
0xTomDaniel,unizhu,1,1
0xTomDaniel,vineethsai,1,1
0xTomDaniel,whysage,1,1
0xTomDaniel,x0cipher,1,1
0xTomDaniel,yairyairyair,1,1
0xTomDaniel,yaronf,1,1
0xTomDaniel,ymmt2005,1,1
0xTomDaniel,zeroasterisk,1,1
AIXerum,benclarkeio,1,1
AIXerum,liar666,1,1
AIXerum,xtrasmal,1,1
AdarPeleg,arislan-lilo,1,1
AlbumenJ,arislan-lilo,1,1
AlbumenJ,gagb,1,2
AlbumenJ,lrosenthol,1,1
AlexanderShenshin,Tehsmash,1,1
AlexsJones,amye,1,2
AlexsJones,gagb,1,1
AlexsJones,ishymko,1,2
AlexsJones,lukehinds,1,3
AliMuhammadOfficial,Tehsmash,1,1
Areo-Joe,cdavernas,1,2
Areo-Joe,mcglabs,1,2
Areo-Joe,sfitts,1,1
AshuJoshi,egor-baranov,1,1
AshuJoshi,fhinkel,1,1
AshuJoshi,guglielmo-san,1,1
AshuJoshi,iliesicatrinel,1,1
AshuJoshi,zoujie-ee,1,1
Bill-XU,benclarkeio,1,1
Bill-XU,hamidra,1,1
Bill-XU,liar666,1,1
Bill-XU,xtrasmal,1,1
Boburmirzo,LingJingMaster,1,1
CAG-nolan,cdavernas,1,1
CAG-nolan,mcglabs,1,1
CAG-nolan,sfitts,1,1
CHARLIE1210-A,hamidra,1,1
CZH-THU,egor-baranov,1,2
CZH-THU,fhinkel,1,1
CZH-THU,guglielmo-san,1,1
CZH-THU,hamidra,1,1
CZH-THU,iliesicatrinel,1,1
CZH-THU,zoujie-ee,1,1
CakeCrusher,codefromthecrypt,1,2
Copilot,MaoJianwei,1,1
Copilot,amye,1,4
Copilot,bobtista,1,1
Copilot,bparees,1,1
Copilot,cdavernas,1,3
Copilot,djsamseng,1,3
Copilot,justfalter,1,2
Copilot,mcglabs,1,2
Copilot,nvcnvn,1,1
Copilot,richardanaya,1,1
Copilot,sfitts,1,1
Copilot,swapydapy,2,5
Copilot,xiongwenxin123,1,1
Copilot,zeroasterisk,1,4
DGuhr,Lancetnik,1,1
DGuhr,ToddSegal,1,1
DGuhr,vinoo999,1,1
DJ-os,amye,1,5
DJ-os,arislan-lilo,1,2
DJ-os,egor-baranov,1,2
DJ-os,fhinkel,1,1
DJ-os,guglielmo-san,1,1
DJ-os,iliesicatrinel,1,3
DJ-os,ishymko,1,4
DJ-os,lukehinds,1,1
DJ-os,zoujie-ee,1,1
DL1231,amye,1,1
DL1231,ishymko,1,1
DL1231,lukehinds,1,1
DiTo97,amye,1,1
DiTo97,bobtista,1,1
DiTo97,bparees,1,1
DiTo97,justfalter,1,1
DiTo97,nvcnvn,1,1
DiTo97,richardanaya,1,1
DiTo97,swapydapy,1,1
DracoBlue,cdavernas,1,3
DracoBlue,gagb,1,1
DracoBlue,mcglabs,1,2
DracoBlue,sfitts,1,1
EditUndo,Lancetnik,1,3
EditUndo,ToddSegal,1,4
EditUndo,amye,1,4
EditUndo,bobtista,1,2
EditUndo,bparees,1,1
EditUndo,cdavernas,1,4
EditUndo,joshhalley,1,2
EditUndo,justfalter,1,1
EditUndo,lukehinds,1,6
EditUndo,nvcnvn,1,1
EditUndo,richardanaya,1,1
EditUndo,sfitts,1,2
EditUndo,swapydapy,1,5
EditUndo,vinoo999,1,5
EditUndo,vishalmysore,1,6
EditUndo,xtrasmal,1,2
Eggrolling-hu,Emilmeister,1,1
Eggrolling-hu,Realsid,1,1
Eggrolling-hu,ReubenBond,1,1
Eggrolling-hu,RobinQu,1,1
Eggrolling-hu,SteveJamesDev,1,1
Eggrolling-hu,Tehsmash,1,1
Eggrolling-hu,alanyst,1,1
Eggrolling-hu,alexec,1,1
Eggrolling-hu,austin-tral,1,1
Eggrolling-hu,benclarkeio,1,1
Eggrolling-hu,darrelmiller,1,1
Eggrolling-hu,didier-durand,1,1
Eggrolling-hu,edenreich,1,1
Eggrolling-hu,f,1,1
Eggrolling-hu,herczyn,1,1
Eggrolling-hu,holtskinner,1,1
Eggrolling-hu,inesmcm26,1,1
Eggrolling-hu,izzymsft,1,1
Eggrolling-hu,laurentsimon,1,1
Eggrolling-hu,leavez,1,1
Eggrolling-hu,lkawka,1,1
Eggrolling-hu,lukehinds,1,1
Eggrolling-hu,madankumarpichamuthu,1,1
Eggrolling-hu,maeste,1,1
Eggrolling-hu,matoushavlena,1,1
Eggrolling-hu,mikeas1,1,1
Eggrolling-hu,mrorigo,1,1
Eggrolling-hu,omkar-12bits,1,1
Eggrolling-hu,pstephengoogle,1,1
Eggrolling-hu,rajeshvelicheti,1,1
Eggrolling-hu,richardanaya,1,1
Eggrolling-hu,rodrigallardo,1,1
Eggrolling-hu,sandangel,1,1
Eggrolling-hu,swapydapy,1,1
Eggrolling-hu,vinoo999,1,1
Eggrolling-hu,whysage,1,1
Eggrolling-hu,yarolegovich,1,1
Eggrolling-hu,yukuanj,1,1
Einsfier,lrosenthol,1,1
EliasLumer,cdavernas,1,1
EliasLumer,joshhalley,1,1
EliasLumer,lukehinds,1,1
EliasLumer,sfitts,1,1
EliasLumer,vishalmysore,1,1
EliasLumer,xtrasmal,1,1
Emilmeister,patwhite,1,1
Emilmeister,yedidel,1,1
Fannon,cdavernas,1,3
Fannon,hamidra,1,1
Fannon,joshhalley,1,2
Fannon,lukehinds,1,4
Fannon,sfitts,1,1
Fannon,vishalmysore,1,3
Fannon,xtrasmal,1,1
Frankdog,egor-baranov,1,1
Frankdog,fhinkel,1,1
Frankdog,guglielmo-san,1,1
Frankdog,iliesicatrinel,1,1
Frankdog,zoujie-ee,1,1
Guidosalimbeni,gagb,1,1
HV9903,amye,1,1
HV9903,bobtista,1,1
HV9903,bparees,1,1
HV9903,justfalter,1,1
HV9903,nvcnvn,1,1
HV9903,richardanaya,1,1
HV9903,swapydapy,1,1
HadjievK,benclarkeio,1,1
HadjievK,liar666,1,1
HadjievK,xtrasmal,1,1
HaohanTsao,arislan-lilo,1,1
HeetVekariya,Lancetnik,1,3
HeetVekariya,ToddSegal,1,4
HeetVekariya,egor-baranov,1,3
HeetVekariya,fhinkel,1,1
HeetVekariya,guglielmo-san,1,1
HeetVekariya,iliesicatrinel,1,2
HeetVekariya,vinoo999,1,4
HeetVekariya,zoujie-ee,1,1
HomeroRR,MaoJianwei,1,2
HomeroRR,amye,1,3
HomeroRR,bobtista,1,1
HomeroRR,bparees,1,1
HomeroRR,djsamseng,1,4
HomeroRR,egor-baranov,1,2
HomeroRR,fhinkel,1,1
HomeroRR,gagb,1,1
HomeroRR,guglielmo-san,1,3
HomeroRR,iliesicatrinel,1,2
HomeroRR,justfalter,1,2
HomeroRR,nvcnvn,1,1
HomeroRR,richardanaya,1,1
HomeroRR,swapydapy,2,4
HomeroRR,xiongwenxin123,1,1
HomeroRR,zeroasterisk,1,4
HomeroRR,zoujie-ee,1,2
HungYangChang,amye,1,2
HungYangChang,bobtista,1,1
HungYangChang,bparees,1,1
HungYangChang,codefromthecrypt,1,2
HungYangChang,justfalter,1,1
HungYangChang,nvcnvn,1,1
HungYangChang,richardanaya,1,2
HungYangChang,swapydapy,1,2
JKHeadley,Lancetnik,1,2
JKHeadley,ToddSegal,1,2
JKHeadley,vinoo999,1,2
Jaland,amye,1,1
Jaland,ishymko,1,1
Jaland,lukehinds,1,1
JanPokorny,cdavernas,1,2
JanPokorny,mcglabs,1,2
JanPokorny,sfitts,1,1
JeromeOvO,MaoJianwei,1,2
JeromeOvO,djsamseng,1,3
JeromeOvO,gagb,1,1
JeromeOvO,swapydapy,1,3
JeromeOvO,xiongwenxin123,1,1
JeromeOvO,zeroasterisk,1,3
JerryDaHeLian,cdavernas,1,1
JerryDaHeLian,joshhalley,1,1
JerryDaHeLian,lukehinds,1,1
JerryDaHeLian,sfitts,1,1
JerryDaHeLian,vishalmysore,1,1
JerryDaHeLian,xtrasmal,1,1
JetsettingJames,amye,1,1
JetsettingJames,bobtista,1,1
JetsettingJames,bparees,1,1
JetsettingJames,justfalter,1,1
JetsettingJames,nvcnvn,1,1
JetsettingJames,richardanaya,1,1
JetsettingJames,swapydapy,1,1
JinyongShin,egor-baranov,1,1
JinyongShin,fhinkel,1,1
JinyongShin,guglielmo-san,1,1
JinyongShin,iliesicatrinel,1,1
JinyongShin,zoujie-ee,1,1
Joapfel,Lancetnik,1,1
Joapfel,ToddSegal,1,1
Joapfel,vinoo999,1,1
Kevin1466,amye,1,2
Kevin1466,gagb,1,1
Kevin1466,ishymko,1,1
Kevin1466,lukehinds,1,2
KiteSoar,cdavernas,1,1
KiteSoar,joshhalley,1,1
KiteSoar,lukehinds,1,1
KiteSoar,sfitts,1,1
KiteSoar,vishalmysore,1,1
KiteSoar,xtrasmal,1,1
KomachiSion,amye,1,3
KomachiSion,bobtista,1,1
KomachiSion,bparees,1,1
KomachiSion,cdavernas,2,3
KomachiSion,hamidra,1,1
KomachiSion,joshhalley,1,1
KomachiSion,justfalter,1,2
KomachiSion,lukehinds,1,4
KomachiSion,mcglabs,1,3
KomachiSion,nvcnvn,1,1
KomachiSion,richardanaya,1,1
KomachiSion,sfitts,2,2
KomachiSion,swapydapy,1,4
KomachiSion,vishalmysore,1,3
KomachiSion,xtrasmal,1,1
KrshnKush,hamidra,1,1
LI-Jinyang,amye,1,2
LI-Jinyang,bobtista,1,1
LI-Jinyang,bparees,1,1
LI-Jinyang,justfalter,1,2
LI-Jinyang,nvcnvn,1,1
LI-Jinyang,richardanaya,1,1
LI-Jinyang,swapydapy,1,2
Lancetnik,Phil-Hills,1,2
Lancetnik,StevenJohnson998,1,2
Lancetnik,Tehsmash,1,5
Lancetnik,The-Nexus-Guard,1,2
Lancetnik,ThierryThevenet,1,2
Lancetnik,aeoess,1,2
Lancetnik,aickin,1,1
Lancetnik,aimable100,1,1
Lancetnik,alan-silverstreams,1,2
Lancetnik,alextibbles,1,1
Lancetnik,amye,1,4
Lancetnik,beonde,1,3
Lancetnik,bgauryy,1,1
Lancetnik,cdavernas,1,1
Lancetnik,chorghemaruti64-creator,1,4
Lancetnik,clintwar,1,1
Lancetnik,darkhaniop,1,4
Lancetnik,darrelmiller,1,7
Lancetnik,devsodhirao,1,1
Lancetnik,dfdumaresq,1,1
Lancetnik,dmandar,1,4
Lancetnik,douglasborthwick-crypto,1,1
Lancetnik,gstudiogdesigns-max,1,1
Lancetnik,gulercan,1,1
Lancetnik,hamidra,1,1
Lancetnik,ibrahimokuyucu,1,1
Lancetnik,imran-siddique,1,1
Lancetnik,izzymsft,1,4
Lancetnik,jmesnil,1,3
Lancetnik,joshhalley,1,1
Lancetnik,justin-octo,1,1
Lancetnik,kdenhartog,1,1
Lancetnik,kurt-r2c,1,1
Lancetnik,laurentsimon,1,3
Lancetnik,lj-raidiam,1,1
Lancetnik,loganwolfe-ims,1,1
Lancetnik,lorenzocipriani-huawei,1,2
Lancetnik,lrosenthol,1,1
Lancetnik,lukehinds,2,4
Lancetnik,manja316,1,1
Lancetnik,mihaimaruseac,1,1
Lancetnik,mikeas1,1,6
Lancetnik,muscariello,1,4
Lancetnik,nembal,1,1
Lancetnik,ognis1205,1,5
Lancetnik,patwhite,1,4
Lancetnik,princejha95,1,2
Lancetnik,pszjmb1,1,1
Lancetnik,robert-at-pretension-io,1,4
Lancetnik,robomotic,1,2
Lancetnik,rrrodzilla,1,1
Lancetnik,sfitts,1,1
Lancetnik,syaproj,1,1
Lancetnik,thebenignhacker,1,1
Lancetnik,tomasdev,1,1
Lancetnik,vishalmysore,2,6
Lancetnik,vizmut-labs,1,4
Lancetnik,whysage,1,4
Lancetnik,xtrasmal,1,1
Lancetnik,yedidel,1,1
LingJingMaster,arislan-lilo,1,1
LingJingMaster,darrelmiller,1,4
LingJingMaster,dgenio,1,3
LingJingMaster,didier-durand,1,4
LingJingMaster,egor-baranov,1,2
LingJingMaster,fhinkel,1,1
LingJingMaster,guglielmo-san,1,1
LingJingMaster,holtskinner,1,4
LingJingMaster,iliesicatrinel,1,2
LingJingMaster,jpandrade30,1,1
LingJingMaster,maeste,1,3
LingJingMaster,muscariello,1,4
LingJingMaster,ognis1205,1,3
LingJingMaster,princejha95,1,3
LingJingMaster,robert-at-pretension-io,1,2
LingJingMaster,vongosling,1,3
LingJingMaster,whitlockjc,1,4
LingJingMaster,zeroasterisk,1,4
LingJingMaster,zoujie-ee,1,1
Linux2010,arislan-lilo,1,2
Linux2010,gagb,1,2
LuckyLaochou,amye,1,1
LuckyLaochou,bobtista,1,1
LuckyLaochou,bparees,1,1
LuckyLaochou,justfalter,1,1
LuckyLaochou,nvcnvn,1,1
LuckyLaochou,richardanaya,1,1
LuckyLaochou,swapydapy,1,1
MG1-4,lrosenthol,1,1
MaoJianwei,ReubenBond,1,1
MaoJianwei,SecureAgentTools,1,1
MaoJianwei,Tehsmash,1,2
MaoJianwei,ToddSegal,1,1
MaoJianwei,azyobuzin,1,1
MaoJianwei,binbandit,1,1
MaoJianwei,bittr-oss,1,1
MaoJianwei,chorghemaruti64-creator,1,1
MaoJianwei,daavoo,1,2
MaoJianwei,darkhaniop,1,2
MaoJianwei,darrelmiller,1,2
MaoJianwei,dinesh707,1,1
MaoJianwei,dmandar,1,2
MaoJianwei,e1327906,1,1
MaoJianwei,edenreich,1,2
MaoJianwei,ehsavoie,1,1
MaoJianwei,gijswalraven,1,2
MaoJianwei,git-vote,1,1
MaoJianwei,herczyn,1,1
MaoJianwei,holtskinner,1,2
MaoJianwei,iliesicatrinel,1,1
MaoJianwei,ishymko,1,1
MaoJianwei,izzymsft,1,1
MaoJianwei,jamesev15,1,1
MaoJianwei,jmandel,1,1
MaoJianwei,jmracek,1,1
MaoJianwei,jocelynh-microsoft,1,1
MaoJianwei,justfalter,1,1
MaoJianwei,kabir,1,1
MaoJianwei,kay-schmitteckert,1,1
MaoJianwei,kthota-g,1,2
MaoJianwei,lerhaupt,1,1
MaoJianwei,lkawka,1,2
MaoJianwei,madankumarpichamuthu,1,1
MaoJianwei,maeste,1,1
MaoJianwei,mikeas1,1,2
MaoJianwei,muscariello,1,2
MaoJianwei,ognis1205,1,2
MaoJianwei,patwhite,1,1
MaoJianwei,pstephengoogle,1,2
MaoJianwei,rogpeppe,1,1
MaoJianwei,sandangel,1,1
MaoJianwei,spricet,1,1
MaoJianwei,vinoo999,1,1
MaoJianwei,vongosling,1,1
MaoJianwei,whysage,1,1
MaoJianwei,xui-will,1,1
MaoJianwei,yarolegovich,1,2
MaoJianwei,yedidel,1,1
MaoJianwei,zchee,1,1
Meir017,arislan-lilo,1,1
Mocuto,amye,1,2
Mocuto,bobtista,1,1
Mocuto,bparees,1,1
Mocuto,cdavernas,1,2
Mocuto,justfalter,1,2
Mocuto,mcglabs,1,2
Mocuto,nvcnvn,1,1
Mocuto,richardanaya,1,1
Mocuto,sfitts,1,1
Mocuto,swapydapy,1,3
MoonRendering,egor-baranov,1,2
MoonRendering,fhinkel,1,1
MoonRendering,guglielmo-san,1,2
MoonRendering,iliesicatrinel,1,1
MoonRendering,zoujie-ee,1,1
OyaAIProd,cdavernas,1,2
OyaAIProd,joshhalley,1,2
OyaAIProd,lukehinds,1,4
OyaAIProd,sfitts,1,1
OyaAIProd,vishalmysore,1,2
OyaAIProd,xtrasmal,1,1
Paulchen5,amye,1,2
Paulchen5,ishymko,1,2
Paulchen5,lukehinds,1,1
Phil-Hills,ToddSegal,1,5
Phil-Hills,amye,1,6
Phil-Hills,arislan-lilo,1,2
Phil-Hills,cdavernas,1,3
Phil-Hills,codefromthecrypt,1,4
Phil-Hills,ishymko,1,4
Phil-Hills,lukehinds,1,4
Phil-Hills,mcglabs,1,1
Phil-Hills,sfitts,1,1
Phil-Hills,vinoo999,1,4
PoolDad-Legal,arislan-lilo,1,1
RIKTESH89,arislan-lilo,1,1
Realsid,amye,1,1
Realsid,bobtista,1,1
Realsid,bparees,1,1
Realsid,justfalter,1,1
Realsid,nvcnvn,1,1
Realsid,patwhite,1,1
Realsid,richardanaya,1,2
Realsid,swapydapy,1,2
Realsid,yedidel,1,1
ReubenBond,amye,1,2
ReubenBond,bobtista,1,1
ReubenBond,bparees,1,1
ReubenBond,djsamseng,1,3
ReubenBond,justfalter,1,2
ReubenBond,nvcnvn,1,1
ReubenBond,patwhite,1,2
ReubenBond,richardanaya,1,2
ReubenBond,swapydapy,2,3
ReubenBond,xiongwenxin123,1,1
ReubenBond,yedidel,1,2
ReubenBond,zeroasterisk,1,3
RobinQu,patwhite,1,1
RobinQu,yedidel,1,1
Roye-Wy,hamidra,1,1
RubberGoose246,gagb,1,1
SecretiveShell,hamidra,1,1
SecureAgentTools,cdavernas,1,1
SecureAgentTools,djsamseng,1,1
SecureAgentTools,hamidra,1,1
SecureAgentTools,joshhalley,1,1
SecureAgentTools,lukehinds,1,2
SecureAgentTools,sfitts,1,1
SecureAgentTools,swapydapy,1,2
SecureAgentTools,vishalmysore,1,2
SecureAgentTools,xiongwenxin123,1,1
SecureAgentTools,xtrasmal,1,1
SecureAgentTools,zeroasterisk,1,2
SellJamHere,cdavernas,1,1
SellJamHere,mcglabs,1,1
SellJamHere,sfitts,1,1
SergeyMenshykh,gagb,1,1
Starborn,arislan-lilo,1,1
SteveJamesDev,patwhite,1,1
SteveJamesDev,yedidel,1,1
StevenJohnson998,ToddSegal,1,2
StevenJohnson998,hamidra,1,1
StevenJohnson998,vinoo999,1,2
TP9-dev,benclarkeio,1,1
TP9-dev,liar666,1,1
TP9-dev,xtrasmal,1,1
Tehsmash,The-Nexus-Guard,1,4
Tehsmash,ToddSegal,1,9
Tehsmash,aeoess,1,2
Tehsmash,aickin,1,4
Tehsmash,alexbainbridge,1,1
Tehsmash,amye,2,8
Tehsmash,arislan-lilo,1,2
Tehsmash,beonde,1,5
Tehsmash,bgauryy,1,2
Tehsmash,bobtista,1,2
Tehsmash,bparees,1,1
Tehsmash,cdavernas,1,4
Tehsmash,chorghemaruti64-creator,1,6
Tehsmash,darkhaniop,1,11
Tehsmash,darrelmiller,1,13
Tehsmash,didier-durand,1,7
Tehsmash,djsamseng,1,7
Tehsmash,dmandar,1,9
Tehsmash,egor-baranov,1,5
Tehsmash,ericksonc,1,1
Tehsmash,fhinkel,1,1
Tehsmash,gagb,1,2
Tehsmash,git-vote,1,7
Tehsmash,guglielmo-san,1,5
Tehsmash,hamidra,1,1
Tehsmash,holtskinner,1,13
Tehsmash,ibrahimokuyucu,1,2
Tehsmash,iliesicatrinel,1,4
Tehsmash,ishymko,1,4
Tehsmash,jlfolland,1,1
Tehsmash,justfalter,1,2
Tehsmash,knuckles-stack,1,1
Tehsmash,logan272,1,6
Tehsmash,lrosenthol,1,1
Tehsmash,lukehinds,1,9
Tehsmash,matoushavlena,1,7
Tehsmash,mcglabs,1,4
Tehsmash,mikeas1,1,12
Tehsmash,mprynce,1,1
Tehsmash,msardara,1,3
Tehsmash,nvcnvn,1,1
Tehsmash,paparth,1,1
Tehsmash,patwhite,1,6
Tehsmash,princejha95,1,7
Tehsmash,pstephengoogle,1,12
Tehsmash,pwwpche,1,2
Tehsmash,richardanaya,1,3
Tehsmash,sfitts,1,1
Tehsmash,siacomuzzi,1,4
Tehsmash,swapydapy,3,12
Tehsmash,vinoo999,1,9
Tehsmash,whitlockjc,1,8
Tehsmash,xiongwenxin123,1,1
Tehsmash,y-tabata,1,1
Tehsmash,yarolegovich,1,11
Tehsmash,yedidel,1,3
Tehsmash,yu-iskw,1,1
Tehsmash,zeroasterisk,2,8
Tehsmash,zoujie-ee,1,2
The-Nexus-Guard,ToddSegal,1,5
The-Nexus-Guard,amye,1,3
The-Nexus-Guard,benclarkeio,1,1
The-Nexus-Guard,bobtista,1,2
The-Nexus-Guard,bparees,1,1
The-Nexus-Guard,hamidra,1,1
The-Nexus-Guard,justfalter,1,1
The-Nexus-Guard,liar666,1,1
The-Nexus-Guard,nvcnvn,1,1
The-Nexus-Guard,richardanaya,1,1
The-Nexus-Guard,swapydapy,1,4
The-Nexus-Guard,vinoo999,1,4
The-Nexus-Guard,xtrasmal,1,1
ThierryThevenet,ToddSegal,1,2
ThierryThevenet,cdavernas,1,2
ThierryThevenet,joshhalley,1,1
ThierryThevenet,lukehinds,1,3
ThierryThevenet,sfitts,1,1
ThierryThevenet,vinoo999,1,3
ThierryThevenet,vishalmysore,1,3
ThierryThevenet,xtrasmal,1,1
ToddSegal,aeoess,1,2
ToddSegal,aickin,1,3
ToddSegal,aimable100,1,1
ToddSegal,alan-silverstreams,1,1
ToddSegal,alextibbles,1,1
ToddSegal,amye,2,8
ToddSegal,arislan-lilo,1,1
ToddSegal,benclarkeio,1,3
ToddSegal,beonde,1,3
ToddSegal,bgauryy,1,2
ToddSegal,bobtista,1,3
ToddSegal,bparees,1,1
ToddSegal,cdavernas,1,3
ToddSegal,chorghemaruti64-creator,1,7
ToddSegal,clintwar,1,1
ToddSegal,codefromthecrypt,1,4
ToddSegal,darkhaniop,1,11
ToddSegal,darrelmiller,1,11
ToddSegal,devsodhirao,1,1
ToddSegal,dfdumaresq,1,1
ToddSegal,djsamseng,1,4
ToddSegal,dmandar,1,7
ToddSegal,douglasborthwick-crypto,1,1
ToddSegal,gstudiogdesigns-max,1,1
ToddSegal,gulercan,1,1
ToddSegal,ibrahimokuyucu,1,2
ToddSegal,imran-siddique,1,2
ToddSegal,izzymsft,1,8
ToddSegal,jmesnil,1,4
ToddSegal,justfalter,1,2
ToddSegal,justin-octo,1,1
ToddSegal,kdenhartog,1,2
ToddSegal,kurt-r2c,1,1
ToddSegal,laurentsimon,1,3
ToddSegal,liar666,1,1
ToddSegal,lj-raidiam,1,1
ToddSegal,loganwolfe-ims,1,1
ToddSegal,lorenzocipriani-huawei,1,2
ToddSegal,lrosenthol,1,1
ToddSegal,lukehinds,1,7
ToddSegal,manja316,1,1
ToddSegal,mcglabs,1,3
ToddSegal,mihaimaruseac,1,2
ToddSegal,mikeas1,1,9
ToddSegal,muscariello,1,8
ToddSegal,nembal,1,1
ToddSegal,nvcnvn,1,1
ToddSegal,ognis1205,1,10
ToddSegal,patwhite,1,6
ToddSegal,princejha95,1,5
ToddSegal,pszjmb1,1,1
ToddSegal,richardanaya,1,1
ToddSegal,robert-at-pretension-io,1,6
ToddSegal,robomotic,1,4
ToddSegal,rrrodzilla,1,1
ToddSegal,sfitts,1,2
ToddSegal,swapydapy,2,8
ToddSegal,syaproj,1,2
ToddSegal,thebenignhacker,1,1
ToddSegal,tomasdev,1,1
ToddSegal,vishalmysore,1,6
ToddSegal,vizmut-labs,1,5
ToddSegal,whysage,1,5
ToddSegal,xiongwenxin123,1,2
ToddSegal,xtrasmal,1,1
ToddSegal,yedidel,1,2
ToddSegal,zeroasterisk,1,6
Yukinekoko,arislan-lilo,1,1
ZapzCsgo,amye,1,2
ZapzCsgo,arislan-lilo,1,1
ZapzCsgo,bobtista,1,1
ZapzCsgo,bparees,1,1
ZapzCsgo,justfalter,1,1
ZapzCsgo,nvcnvn,1,1
ZapzCsgo,richardanaya,1,1
ZapzCsgo,swapydapy,1,2
Zephyr-Blessed,cdavernas,1,1
Zephyr-Blessed,joshhalley,1,1
Zephyr-Blessed,lukehinds,1,1
Zephyr-Blessed,sfitts,1,1
Zephyr-Blessed,vishalmysore,1,1
Zephyr-Blessed,xtrasmal,1,1
aamonten,arislan-lilo,1,1
abiramit5,arislan-lilo,1,2
adarshnarayanhegde,amye,1,2
adarshnarayanhegde,cdavernas,1,2
adarshnarayanhegde,ishymko,1,1
adarshnarayanhegde,lrosenthol,1,1
adarshnarayanhegde,lukehinds,1,2
adarshnarayanhegde,mcglabs,1,1
adarshnarayanhegde,sfitts,1,1
adv-11,gagb,1,1
aeoess,cdavernas,1,1
aeoess,joshhalley,1,1
aeoess,lukehinds,1,3
aeoess,sfitts,1,1
aeoess,vinoo999,1,2
aeoess,vishalmysore,1,2
aeoess,xtrasmal,1,1
agenttrust,amye,1,1
agenttrust,ishymko,1,1
agenttrust,lukehinds,1,1
aglicacha,amye,1,2
aglicacha,benclarkeio,1,4
aglicacha,bobtista,1,2
aglicacha,bparees,1,1
aglicacha,cdavernas,1,3
aglicacha,justfalter,1,1
aglicacha,liar666,1,1
aglicacha,mcglabs,1,3
aglicacha,nvcnvn,1,1
aglicacha,richardanaya,1,3
aglicacha,sfitts,1,2
aglicacha,swapydapy,1,4
aglicacha,xtrasmal,1,1
aiagentexpert,cdavernas,1,1
aiagentexpert,joshhalley,1,1
aiagentexpert,lukehinds,1,1
aiagentexpert,sfitts,1,1
aiagentexpert,vishalmysore,1,1
aiagentexpert,xtrasmal,1,1
aickin,amye,1,3
aickin,bobtista,1,1
aickin,bparees,1,1
aickin,justfalter,1,1
aickin,nvcnvn,1,1
aickin,richardanaya,1,1
aickin,swapydapy,1,4
aickin,vinoo999,1,2
aimable100,vinoo999,1,1
ajaynagotha,cdavernas,1,2
ajaynagotha,joshhalley,1,2
ajaynagotha,lukehinds,1,2
ajaynagotha,sfitts,1,1
ajaynagotha,vishalmysore,1,1
ajaynagotha,xtrasmal,1,1
ajoslin103,hamidra,1,1
akdong91,amye,1,1
akdong91,bobtista,1,1
akdong91,bparees,1,1
akdong91,justfalter,1,1
akdong91,nvcnvn,1,1
akdong91,richardanaya,1,1
akdong91,swapydapy,1,1
akshaykokane,arislan-lilo,1,1
alain-sv,cdavernas,1,1
alain-sv,joshhalley,1,1
alain-sv,lukehinds,1,1
alain-sv,sfitts,1,1
alain-sv,vishalmysore,1,1
alain-sv,xtrasmal,1,1
alan-silverstreams,vinoo999,1,2
alanyst,amye,1,1
alanyst,bobtista,1,1
alanyst,bparees,1,1
alanyst,justfalter,1,1
alanyst,nvcnvn,1,1
alanyst,patwhite,1,1
alanyst,richardanaya,1,2
alanyst,swapydapy,1,2
alanyst,yedidel,1,1
alexec,arislan-lilo,1,1
alexec,benclarkeio,1,6
alexec,cdavernas,1,3
alexec,hamidra,1,1
alexec,liar666,1,1
alexec,mcglabs,1,4
alexec,patwhite,1,5
alexec,sfitts,1,3
alexec,xtrasmal,1,2
alexec,yedidel,1,1
alextibbles,vinoo999,1,1
amye,azyobuzin,1,2
amye,beonde,1,3
amye,blkt,1,1
amye,cdavernas,1,3
amye,chorghemaruti64-creator,1,5
amye,codefromthecrypt,1,4
amye,daavoo,1,3
amye,darkhaniop,2,10
amye,darrelmiller,2,10
amye,dgenio,1,4
amye,dhdanie,1,1
amye,didier-durand,1,6
amye,dinesh707,1,4
amye,djsamseng,1,5
amye,dmandar,2,7
amye,edenreich,2,5
amye,egor-baranov,1,4
amye,ehsavoie,1,3
amye,eli-osherovich,1,1
amye,gNtino,1,2
amye,gijswalraven,1,4
amye,git-vote,1,5
amye,gspencergoog,1,1
amye,guglielmo-san,1,3
amye,hamidra,1,1
amye,harrigan,1,1
amye,herczyn,2,8
amye,holtskinner,2,10
amye,hugo-romero-mm,1,1
amye,imran-siddique,1,3
amye,irshadnilam,1,1
amye,ishymko,1,5
amye,izzymsft,2,8
amye,jebinj22,1,3
amye,jenish2917,1,1
amye,jmandel,2,4
amye,jmesnil,1,5
amye,jocelynh-microsoft,1,2
amye,kabir,1,4
amye,kadirpekel,1,1
amye,kdenhartog,1,2
amye,kedoska,1,1
amye,kpavlov,1,1
amye,kthota-g,2,9
amye,kurt-r2c,1,2
amye,lkawka,1,4
amye,logan272,1,4
amye,lukehinds,1,5
amye,luyiourwong,1,1
amye,maeste,2,6
amye,marelab,1,1
amye,marianogonzalez,1,1
amye,matoushavlena,1,3
amye,mcglabs,1,2
amye,mdii,1,1
amye,mikeas1,2,9
amye,mikeromano38,1,1
amye,mindpower,1,1
amye,moonbox3,1,5
amye,muscariello,1,9
amye,mvakoc,1,2
amye,nahapetyan-serob,1,1
amye,nicholasbreckwoldt,1,1
amye,ognis1205,2,9
amye,oliverlabs,1,5
amye,oopslink,1,1
amye,palladius,2,4
amye,pinchwork,1,1
amye,princejha95,1,5
amye,promptrotator,1,2
amye,pstephengoogle,2,9
amye,rajeshvelicheti,1,7
amye,robert-at-pretension-io,2,6
amye,rohit2k21,1,1
amye,sandyskies,1,1
amye,scidomino,1,2
amye,siacomuzzi,1,2
amye,sms03,1,3
amye,spricet,1,4
amye,suforme,1,1
amye,sunilp,1,1
amye,suvedo,2,4
amye,sxhxliang,1,2
amye,tomkis,1,2
amye,tomsun28,1,2
amye,tunnckoCore,1,1
amye,vinoo999,2,8
amye,vishalmysore,1,5
amye,vizmut-labs,1,4
amye,vladislavdonchev,1,2
amye,vongosling,1,5
amye,whysage,2,7
amye,williamwa,1,1
amye,yarolegovich,1,7
amye,ydennisy,1,2
amye,zamorofthat,1,1
amye,zeroasterisk,1,7
amye,zhengleibin,1,2
andorsk,arislan-lilo,1,1
andy1213aa,egor-baranov,1,1
andy1213aa,fhinkel,1,1
andy1213aa,guglielmo-san,1,1
andy1213aa,iliesicatrinel,1,1
andy1213aa,zoujie-ee,1,1
anjanas,cdavernas,1,1
anjanas,mcglabs,1,1
anjanas,sfitts,1,1
architectureofthings,cdavernas,1,2
architectureofthings,joshhalley,1,2
architectureofthings,lukehinds,1,2
architectureofthings,sfitts,1,1
architectureofthings,vishalmysore,1,3
architectureofthings,xtrasmal,1,1
arislan-lilo,ashubham,1,1
arislan-lilo,benclarkeio,1,2
arislan-lilo,bkowal,1,1
arislan-lilo,darkhaniop,1,2
arislan-lilo,darrelmiller,1,2
arislan-lilo,dgenio,1,1
arislan-lilo,didier-durand,1,2
arislan-lilo,djsamseng,1,2
arislan-lilo,dmandar,1,2
arislan-lilo,edenreich,1,2
arislan-lilo,egor-baranov,1,1
arislan-lilo,ekzhu,1,1
arislan-lilo,everettVT,1,1
arislan-lilo,fjuma,1,1
arislan-lilo,gagb,1,1
arislan-lilo,ghostdoglzd,1,1
arislan-lilo,gijswalraven,1,1
arislan-lilo,git-vote,1,1
arislan-lilo,gvdongen,1,1
arislan-lilo,haxudev,1,1
arislan-lilo,holtskinner,1,2
arislan-lilo,iliesicatrinel,1,1
arislan-lilo,ishymko,1,2
arislan-lilo,izzymsft,1,2
arislan-lilo,jackwotherspoon,1,1
arislan-lilo,jland-redhat,1,2
arislan-lilo,jtanningbed,1,2
arislan-lilo,kabir,1,1
arislan-lilo,kkgupta-github,1,1
arislan-lilo,koverholt,1,1
arislan-lilo,kshitizz36,1,1
arislan-lilo,kthota-g,1,2
arislan-lilo,kubni,1,1
arislan-lilo,lkawka,1,1
arislan-lilo,madankumarpichamuthu,1,2
arislan-lilo,maeste,1,2
arislan-lilo,manojk0303,1,1
arislan-lilo,martimfasantos,1,1
arislan-lilo,matoushavlena,1,2
arislan-lilo,mikeas1,1,2
arislan-lilo,moonbox3,1,2
arislan-lilo,muscariello,1,2
arislan-lilo,mvakoc,1,2
arislan-lilo,nickossdev,1,1
arislan-lilo,oabdelkarim,1,1
arislan-lilo,ognis1205,1,2
arislan-lilo,palladius,1,2
arislan-lilo,pascal910107,1,1
arislan-lilo,patwhite,1,1
arislan-lilo,powmax-commits,1,1
arislan-lilo,promptrotator,1,2
arislan-lilo,pstephengoogle,1,2
arislan-lilo,puchengy,1,1
arislan-lilo,richard-rance,1,1
arislan-lilo,richgo,1,1
arislan-lilo,robinmanuelthiel,1,1
arislan-lilo,ronaldpetty,1,1
arislan-lilo,ronantakizawa,1,1
arislan-lilo,salqadri,1,1
arislan-lilo,sambhav,1,1
arislan-lilo,stojangb,1,1
arislan-lilo,sunyuhan1998,1,1
arislan-lilo,swapydapy,1,2
arislan-lilo,syllogismos,1,1
arislan-lilo,tanemaki,1,1
arislan-lilo,tomkis,1,1
arislan-lilo,tonycai,1,2
arislan-lilo,ujnak,1,1
arislan-lilo,vicradon,1,1
arislan-lilo,vinoo999,1,1
arislan-lilo,vishalmysore,1,1
arislan-lilo,vizmut-labs,1,1
arislan-lilo,whitlockjc,1,2
arislan-lilo,whysage,1,2
arislan-lilo,yadav,1,1
arislan-lilo,yarolegovich,1,1
arislan-lilo,yzhao244,1,1
arislan-lilo,zeroasterisk,1,2
austin-tral,patwhite,1,1
austin-tral,yedidel,1,1
austinmyc,cdavernas,1,1
austinmyc,mcglabs,1,1
austinmyc,sfitts,1,1
automateyournetwork,egor-baranov,1,1
automateyournetwork,fhinkel,1,1
automateyournetwork,guglielmo-san,1,1
automateyournetwork,iliesicatrinel,1,1
automateyournetwork,zoujie-ee,1,1
awickham10,lrosenthol,1,1
azyobuzin,bobtista,1,1
azyobuzin,bparees,1,1
azyobuzin,djsamseng,1,2
azyobuzin,justfalter,1,2
azyobuzin,nvcnvn,1,1
azyobuzin,richardanaya,1,1
azyobuzin,swapydapy,2,2
azyobuzin,xiongwenxin123,1,1
azyobuzin,zeroasterisk,1,2
batprem,cdavernas,1,1
batprem,joshhalley,1,1
batprem,lukehinds,1,1
batprem,sfitts,1,1
batprem,vishalmysore,1,1
batprem,xtrasmal,1,1
benclarkeio,cdavernas,2,4
benclarkeio,chorghemaruti64-creator,1,2
benclarkeio,darkhaniop,1,5
benclarkeio,darrelmiller,1,9
benclarkeio,dgenio,1,5
benclarkeio,gNtino,1,1
benclarkeio,holtskinner,1,9
benclarkeio,joshhalley,1,2
benclarkeio,kyleacmooney,1,1
benclarkeio,lahlfors,1,1
benclarkeio,lorenzocipriani-huawei,1,2
benclarkeio,lukehinds,2,7
benclarkeio,mcglabs,1,2
benclarkeio,moonbox3,1,5
benclarkeio,nikhilmaddirala,1,1
benclarkeio,ognis1205,1,6
benclarkeio,patwhite,2,5
benclarkeio,ppattanayak,1,1
benclarkeio,pstephengoogle,1,8
benclarkeio,rajib76,1,1
benclarkeio,robert-at-pretension-io,1,6
benclarkeio,robomotic,1,2
benclarkeio,satishkamavaram,1,1
benclarkeio,sfitts,3,3
benclarkeio,sing1ee,1,3
benclarkeio,syumpx,1,1
benclarkeio,vishalmysore,2,5
benclarkeio,vizmut-labs,1,3
benclarkeio,vongosling,1,3
benclarkeio,widrss,1,2
benclarkeio,wushubang,1,2
benclarkeio,xtrasmal,1,2
benclarkeio,yasonk,1,3
benclarkeio,yedidel,1,1
beonde,hamidra,1,1
beonde,ishymko,1,1
beonde,lukehinds,1,5
beonde,vinoo999,1,3
bgauryy,vinoo999,1,1
binbandit,djsamseng,1,3
binbandit,egor-baranov,1,1
binbandit,fhinkel,1,1
binbandit,guglielmo-san,1,1
binbandit,iliesicatrinel,1,2
binbandit,swapydapy,1,3
binbandit,xiongwenxin123,1,1
binbandit,zeroasterisk,1,3
binbandit,zoujie-ee,1,1
bittr-oss,djsamseng,1,1
bittr-oss,swapydapy,1,1
bittr-oss,xiongwenxin123,1,1
bittr-oss,zeroasterisk,1,1
blkt,bobtista,1,1
blkt,bparees,1,1
blkt,justfalter,1,1
blkt,nvcnvn,1,1
blkt,richardanaya,1,1
blkt,swapydapy,1,1
bobtista,cdavernas,1,1
bobtista,chorghemaruti64-creator,1,3
bobtista,darkhaniop,1,3
bobtista,darrelmiller,1,4
bobtista,dgenio,1,2
bobtista,dhdanie,1,2
bobtista,didier-durand,1,2
bobtista,dinesh707,1,2
bobtista,dmandar,1,2
bobtista,edenreich,1,1
bobtista,egor-baranov,1,1
bobtista,ehsavoie,1,1
bobtista,eli-osherovich,1,1
bobtista,gNtino,1,2
bobtista,gijswalraven,1,2
bobtista,git-vote,1,2
bobtista,gspencergoog,1,1
bobtista,guglielmo-san,1,2
bobtista,harrigan,1,1
bobtista,herczyn,1,2
bobtista,holtskinner,1,4
bobtista,irshadnilam,1,1
bobtista,ishymko,1,1
bobtista,izzymsft,1,2
bobtista,jebinj22,1,1
bobtista,jmandel,1,1
bobtista,jmesnil,1,2
bobtista,jocelynh-microsoft,1,1
bobtista,kabir,1,1
bobtista,kdenhartog,1,1
bobtista,kedoska,1,1
bobtista,kthota-g,1,4
bobtista,lkawka,1,1
bobtista,lrosenthol,1,1
bobtista,lukehinds,1,2
bobtista,luyiourwong,1,1
bobtista,maeste,1,2
bobtista,marelab,1,1
bobtista,marianogonzalez,1,1
bobtista,mcglabs,1,1
bobtista,mdii,1,1
bobtista,mikeas1,1,2
bobtista,mikeromano38,1,1
bobtista,nahapetyan-serob,1,1
bobtista,ognis1205,1,3
bobtista,oopslink,1,1
bobtista,palladius,1,1
bobtista,princejha95,1,1
bobtista,pstephengoogle,1,3
bobtista,robert-at-pretension-io,1,4
bobtista,scidomino,1,1
bobtista,sms03,1,3
bobtista,spricet,1,1
bobtista,suforme,1,1
bobtista,suvedo,1,1
bobtista,tomkis,1,1
bobtista,tomsun28,1,1
bobtista,tunnckoCore,1,1
bobtista,vinoo999,1,4
bobtista,vishalmysore,1,4
bobtista,vizmut-labs,1,2
bobtista,vladislavdonchev,1,1
bobtista,vongosling,1,4
bobtista,whysage,1,1
bobtista,yarolegovich,1,2
bobtista,ydennisy,1,3
bobtista,zamorofthat,1,2
bobtista,zhengleibin,1,2
borisalekseev,lrosenthol,1,1
bparees,cdavernas,1,1
bparees,chorghemaruti64-creator,1,1
bparees,darkhaniop,1,1
bparees,darrelmiller,1,1
bparees,dgenio,1,1
bparees,dhdanie,1,1
bparees,didier-durand,1,1
bparees,dinesh707,1,1
bparees,dmandar,1,1
bparees,edenreich,1,1
bparees,egor-baranov,1,1
bparees,ehsavoie,1,1
bparees,eli-osherovich,1,1
bparees,gNtino,1,1
bparees,gijswalraven,1,1
bparees,git-vote,1,1
bparees,gspencergoog,1,1
bparees,guglielmo-san,1,1
bparees,harrigan,1,1
bparees,herczyn,1,1
bparees,holtskinner,1,1
bparees,irshadnilam,1,1
bparees,ishymko,1,1
bparees,izzymsft,1,1
bparees,jebinj22,1,1
bparees,jmandel,1,1
bparees,jmesnil,1,1
bparees,jocelynh-microsoft,1,1
bparees,kabir,1,1
bparees,kdenhartog,1,1
bparees,kedoska,1,1
bparees,kthota-g,1,1
bparees,lkawka,1,1
bparees,lukehinds,1,1
bparees,luyiourwong,1,1
bparees,maeste,1,1
bparees,marelab,1,1
bparees,marianogonzalez,1,1
bparees,mcglabs,1,1
bparees,mdii,1,1
bparees,mikeas1,1,1
bparees,mikeromano38,1,1
bparees,nahapetyan-serob,1,1
bparees,ognis1205,1,1
bparees,oopslink,1,1
bparees,palladius,1,1
bparees,princejha95,1,1
bparees,pstephengoogle,1,1
bparees,robert-at-pretension-io,1,1
bparees,scidomino,1,1
bparees,sms03,1,1
bparees,spricet,1,1
bparees,suforme,1,1
bparees,suvedo,1,1
bparees,tomkis,1,1
bparees,tomsun28,1,1
bparees,tunnckoCore,1,1
bparees,vinoo999,1,1
bparees,vishalmysore,1,1
bparees,vizmut-labs,1,1
bparees,vladislavdonchev,1,1
bparees,vongosling,1,1
bparees,whysage,1,1
bparees,yarolegovich,1,1
bparees,ydennisy,1,1
bparees,zamorofthat,1,1
bparees,zhengleibin,1,1
brasseld,hamidra,1,1
bustosjuan,gagb,1,1
c-mysec,lrosenthol,1,1
cdavernas,chendatony31,1,1
cdavernas,chorghemaruti64-creator,1,2
cdavernas,codefromthecrypt,1,3
cdavernas,daltonnyx,1,1
cdavernas,darkhaniop,1,5
cdavernas,darrelmiller,2,6
cdavernas,deepakskhetwal,1,1
cdavernas,dgenio,1,3
cdavernas,dinesh707,1,3
cdavernas,dmandar,1,4
cdavernas,edenreich,2,5
cdavernas,egor-baranov,2,3
cdavernas,ehsavoie,1,2
cdavernas,everettVT,1,1
cdavernas,gagb,1,1
cdavernas,gpanakkal,1,1
cdavernas,guglielmo-san,1,3
cdavernas,heiko-hotz,1,1
cdavernas,herczyn,1,4
cdavernas,holtskinner,2,6
cdavernas,hoonji,1,1
cdavernas,howientc,1,1
cdavernas,inesmcm26,1,2
cdavernas,izzymsft,2,5
cdavernas,jamesarmenta,1,1
cdavernas,jankrynauw,1,1
cdavernas,jebinj22,1,3
cdavernas,jmandel,1,3
cdavernas,jocelynh-microsoft,1,2
cdavernas,justfalter,1,1
cdavernas,kimehdgns,1,1
cdavernas,kthota-g,2,6
cdavernas,lalrow,1,2
cdavernas,liuming-dev,1,1
cdavernas,liuzengh,1,2
cdavernas,lkawka,1,4
cdavernas,logan272,1,3
cdavernas,lorenzocipriani-huawei,1,1
cdavernas,lukehinds,1,6
cdavernas,madankumarpichamuthu,1,2
cdavernas,maeste,1,3
cdavernas,markgoho,1,1
cdavernas,matoushavlena,1,3
cdavernas,mikeas1,1,6
cdavernas,mindpower,1,2
cdavernas,muscariello,2,6
cdavernas,muthub-ai,1,2
cdavernas,nvcnvn,1,1
cdavernas,ognis1205,2,6
cdavernas,patwhite,1,1
cdavernas,pauldotknopf,1,1
cdavernas,princejha95,2,4
cdavernas,pstephengoogle,2,6
cdavernas,punkyoon,1,1
cdavernas,raveenb,1,1
cdavernas,rebeccacamejo,1,1
cdavernas,richardanaya,1,1
cdavernas,rogpeppe,1,1
cdavernas,rokonec,1,3
cdavernas,ruFFaa,1,1
cdavernas,salqadri,1,1
cdavernas,sandangel,2,2
cdavernas,sd0ric4,1,1
cdavernas,spricet,1,2
cdavernas,swapydapy,2,4
cdavernas,tot-ra,1,1
cdavernas,ukshankar,1,1
cdavernas,unizhu,1,1
cdavernas,vineethsai,1,1
cdavernas,whysage,1,3
cdavernas,x0cipher,1,1
cdavernas,xui-will,1,1
cdavernas,yairyairyair,1,1
cdavernas,yarolegovich,1,3
cdavernas,yaronf,1,2
cdavernas,ymmt2005,1,1
cdavernas,zeroasterisk,1,5
chendatony31,joshhalley,1,1
chendatony31,lukehinds,1,1
chendatony31,sfitts,1,1
chendatony31,vishalmysore,1,1
chendatony31,xtrasmal,1,1
chenglin130,lrosenthol,1,1
chicogong,gagb,1,1
chorghemaruti64-creator,djsamseng,1,2
chorghemaruti64-creator,hamidra,1,1
chorghemaruti64-creator,joshhalley,1,1
chorghemaruti64-creator,justfalter,1,2
chorghemaruti64-creator,liar666,1,1
chorghemaruti64-creator,lrosenthol,1,1
chorghemaruti64-creator,lukehinds,1,6
chorghemaruti64-creator,nvcnvn,1,1
chorghemaruti64-creator,richardanaya,1,1
chorghemaruti64-creator,sfitts,1,2
chorghemaruti64-creator,swapydapy,2,5
chorghemaruti64-creator,vinoo999,1,7
chorghemaruti64-creator,vishalmysore,1,6
chorghemaruti64-creator,xiongwenxin123,1,2
chorghemaruti64-creator,xtrasmal,2,2
chorghemaruti64-creator,zeroasterisk,1,4
cled,egor-baranov,1,1
cled,fhinkel,1,1
cled,guglielmo-san,1,1
cled,iliesicatrinel,1,1
cled,zoujie-ee,1,1
clintwar,vinoo999,1,1
codefromthecrypt,darkhaniop,1,5
codefromthecrypt,darrelmiller,1,5
codefromthecrypt,didier-durand,1,4
codefromthecrypt,git-vote,1,4
codefromthecrypt,herczyn,1,4
codefromthecrypt,holtskinner,1,5
codefromthecrypt,kthota-g,1,5
codefromthecrypt,lkawka,1,4
codefromthecrypt,lukehinds,1,3
codefromthecrypt,mcglabs,1,2
codefromthecrypt,mikeas1,1,5
codefromthecrypt,muscariello,1,5
codefromthecrypt,ognis1205,1,5
codefromthecrypt,pstephengoogle,1,5
codefromthecrypt,pwwpche,1,1
codefromthecrypt,sfitts,1,1
codefromthecrypt,thisisnotapril,1,1
codefromthecrypt,vinoo999,1,3
codefromthecrypt,yaronf,1,1
codefromthecrypt,zeroasterisk,1,4
daavoo,djsamseng,1,3
daavoo,gagb,1,1
daavoo,ishymko,1,3
daavoo,lukehinds,1,2
daavoo,swapydapy,1,4
daavoo,xiongwenxin123,1,1
daavoo,zeroasterisk,1,4
daltonnyx,egor-baranov,1,2
daltonnyx,fhinkel,1,1
daltonnyx,guglielmo-san,1,1
daltonnyx,iliesicatrinel,1,1
daltonnyx,joshhalley,1,1
daltonnyx,lukehinds,1,2
daltonnyx,sfitts,1,2
daltonnyx,vishalmysore,1,2
daltonnyx,xtrasmal,1,2
daltonnyx,zoujie-ee,1,1
danja,lrosenthol,1,1
darkhaniop,djsamseng,1,6
darkhaniop,egor-baranov,1,5
darkhaniop,fhinkel,1,1
darkhaniop,gagb,1,2
darkhaniop,guglielmo-san,1,5
darkhaniop,hamidra,1,1
darkhaniop,iliesicatrinel,1,4
darkhaniop,ishymko,1,5
darkhaniop,justfalter,1,2
darkhaniop,liar666,1,1
darkhaniop,lrosenthol,1,1
darkhaniop,lukehinds,1,9
darkhaniop,mcglabs,1,3
darkhaniop,nvcnvn,1,1
darkhaniop,richardanaya,1,1
darkhaniop,sfitts,1,2
darkhaniop,swapydapy,2,11
darkhaniop,vinoo999,1,9
darkhaniop,xiongwenxin123,1,2
darkhaniop,xtrasmal,1,1
darkhaniop,zeroasterisk,1,10
darkhaniop,zoujie-ee,1,2
darrelmiller,djsamseng,1,8
darrelmiller,egor-baranov,1,6
darrelmiller,fhinkel,1,1
darrelmiller,gagb,1,2
darrelmiller,guglielmo-san,1,5
darrelmiller,hamidra,1,1
darrelmiller,iliesicatrinel,1,4
darrelmiller,ishymko,1,5
darrelmiller,joshhalley,1,3
darrelmiller,justfalter,1,2
darrelmiller,liar666,1,1
darrelmiller,lrosenthol,1,1
darrelmiller,lukehinds,2,12
darrelmiller,mcglabs,1,4
darrelmiller,nvcnvn,1,1
darrelmiller,patwhite,1,8
darrelmiller,richardanaya,1,3
darrelmiller,sfitts,2,3
darrelmiller,swapydapy,2,13
darrelmiller,vinoo999,1,13
darrelmiller,vishalmysore,1,9
darrelmiller,xiongwenxin123,1,2
darrelmiller,xtrasmal,2,2
darrelmiller,yedidel,1,3
darrelmiller,zeroasterisk,1,13
darrelmiller,zoujie-ee,1,2
davidlivekoo2012,egor-baranov,1,1
davidlivekoo2012,fhinkel,1,1
davidlivekoo2012,guglielmo-san,1,1
davidlivekoo2012,iliesicatrinel,1,1
davidlivekoo2012,zoujie-ee,1,1
dayuyang1999,hamidra,1,1
deepakskhetwal,joshhalley,1,1
deepakskhetwal,lukehinds,1,1
deepakskhetwal,sfitts,1,1
deepakskhetwal,vishalmysore,1,1
deepakskhetwal,xtrasmal,1,1
devsodhirao,vinoo999,1,1
dfdumaresq,vinoo999,1,1
dgenio,egor-baranov,1,5
dgenio,fhinkel,1,1
dgenio,gagb,1,2
dgenio,guglielmo-san,1,4
dgenio,hamidra,1,1
dgenio,iliesicatrinel,1,2
dgenio,justfalter,1,1
dgenio,liar666,1,1
dgenio,mcglabs,1,3
dgenio,nvcnvn,1,1
dgenio,richardanaya,1,2
dgenio,sfitts,1,2
dgenio,swapydapy,1,7
dgenio,xtrasmal,1,1
dgenio,zoujie-ee,1,2
dhdanie,justfalter,1,1
dhdanie,nvcnvn,1,1
dhdanie,richardanaya,1,1
dhdanie,swapydapy,1,1
didier-durand,egor-baranov,1,3
didier-durand,fhinkel,1,1
didier-durand,gagb,1,2
didier-durand,guglielmo-san,1,3
didier-durand,iliesicatrinel,1,2
didier-durand,justfalter,1,1
didier-durand,nvcnvn,1,1
didier-durand,patwhite,1,3
didier-durand,richardanaya,1,2
didier-durand,swapydapy,1,8
didier-durand,yedidel,1,1
didier-durand,zoujie-ee,1,2
dinesh707,djsamseng,1,3
dinesh707,joshhalley,1,2
dinesh707,justfalter,1,2
dinesh707,lrosenthol,1,1
dinesh707,lukehinds,1,3
dinesh707,nvcnvn,1,1
dinesh707,richardanaya,1,1
dinesh707,sfitts,1,1
dinesh707,swapydapy,2,3
dinesh707,vishalmysore,1,3
dinesh707,xiongwenxin123,1,1
dinesh707,xtrasmal,1,1
dinesh707,zeroasterisk,1,4
djsamseng,dmandar,1,6
djsamseng,e1327906,1,1
djsamseng,edenreich,1,6
djsamseng,egor-baranov,1,3
djsamseng,ehsavoie,1,3
djsamseng,fhinkel,1,1
djsamseng,gagb,1,2
djsamseng,gijswalraven,1,6
djsamseng,git-vote,1,4
djsamseng,guglielmo-san,1,3
djsamseng,herczyn,1,5
djsamseng,holtskinner,1,8
djsamseng,iliesicatrinel,2,3
djsamseng,ishymko,2,4
djsamseng,izzymsft,1,6
djsamseng,jamesev15,1,1
djsamseng,jmandel,1,3
djsamseng,jmracek,1,1
djsamseng,jocelynh-microsoft,1,2
djsamseng,justfalter,1,2
djsamseng,kabir,1,3
djsamseng,kay-schmitteckert,1,1
djsamseng,kthota-g,1,8
djsamseng,lerhaupt,1,1
djsamseng,lkawka,1,5
djsamseng,lukehinds,1,4
djsamseng,madankumarpichamuthu,1,5
djsamseng,maeste,1,6
djsamseng,mikeas1,1,6
djsamseng,muscariello,1,6
djsamseng,ognis1205,1,5
djsamseng,patwhite,1,4
djsamseng,pstephengoogle,1,7
djsamseng,rogpeppe,1,1
djsamseng,sandangel,1,2
djsamseng,spricet,1,3
djsamseng,vinoo999,1,6
djsamseng,vongosling,1,4
djsamseng,whysage,1,5
djsamseng,xui-will,1,1
djsamseng,yarolegovich,1,6
djsamseng,yedidel,1,2
djsamseng,zchee,1,2
djsamseng,zoujie-ee,1,2
dmandar,hamidra,1,1
dmandar,ishymko,1,5
dmandar,justfalter,1,2
dmandar,lukehinds,1,7
dmandar,mcglabs,1,3
dmandar,nvcnvn,1,1
dmandar,richardanaya,1,1
dmandar,sfitts,1,1
dmandar,swapydapy,2,10
dmandar,vinoo999,1,6
dmandar,xiongwenxin123,1,1
dmandar,zeroasterisk,1,8
douglasborthwick-crypto,vinoo999,1,1
e1327906,swapydapy,1,1
e1327906,xiongwenxin123,1,1
e1327906,zeroasterisk,1,1
edenreich,gagb,1,2
edenreich,ishymko,1,5
edenreich,joshhalley,1,2
edenreich,justfalter,1,2
edenreich,lukehinds,2,7
edenreich,mcglabs,1,3
edenreich,nvcnvn,1,1
edenreich,patwhite,1,4
edenreich,richardanaya,1,3
edenreich,sfitts,2,2
edenreich,swapydapy,2,9
edenreich,vishalmysore,1,4
edenreich,xiongwenxin123,1,1
edenreich,xtrasmal,1,1
edenreich,yedidel,1,2
edenreich,zeroasterisk,1,8
egor-baranov,ehsavoie,1,3
egor-baranov,gate4ai-alex,1,1
egor-baranov,gpanakkal,1,2
egor-baranov,hamidra,1,1
egor-baranov,herczyn,1,4
egor-baranov,holtskinner,1,6
egor-baranov,htondro,1,1
egor-baranov,izzymsft,1,5
egor-baranov,jaredrsommer,1,1
egor-baranov,jerlyjelly,1,1
egor-baranov,jonigl,1,1
egor-baranov,joshhalley,1,1
egor-baranov,justfalter,1,1
egor-baranov,kibitzing,1,1
egor-baranov,kimsr96,1,1
egor-baranov,kthota-g,1,6
egor-baranov,logan272,1,3
egor-baranov,lukehinds,1,4
egor-baranov,madankumarpichamuthu,1,4
egor-baranov,maeste,1,4
egor-baranov,mcglabs,1,3
egor-baranov,moonbox3,1,2
egor-baranov,muscariello,1,5
egor-baranov,nvcnvn,1,1
egor-baranov,oliverlabs,1,2
egor-baranov,palladius,1,3
egor-baranov,princejha95,1,4
egor-baranov,pstephengoogle,1,6
egor-baranov,qiansuo1,1,1
egor-baranov,rajeshvelicheti,1,4
egor-baranov,reatang,1,1
egor-baranov,richardanaya,1,1
egor-baranov,sfitts,2,2
egor-baranov,sunyuhan1998,1,2
egor-baranov,swapydapy,1,5
egor-baranov,tangpingqingwa,1,1
egor-baranov,tucnak,1,1
egor-baranov,vishalmysore,1,4
egor-baranov,vladislavdonchev,1,3
egor-baranov,vongosling,1,3
egor-baranov,whitlockjc,1,3
egor-baranov,xtrasmal,1,1
egor-baranov,z2z23n0,1,2
egor-baranov,zchee,1,1
egor-baranov,zeroasterisk,1,4
egor-baranov,zhenjunMa,1,1
egor-baranov,zzxwill,1,1
ehsavoie,fhinkel,1,1
ehsavoie,guglielmo-san,1,3
ehsavoie,iliesicatrinel,1,2
ehsavoie,justfalter,1,2
ehsavoie,mcglabs,1,2
ehsavoie,nvcnvn,1,1
ehsavoie,richardanaya,1,1
ehsavoie,sfitts,1,1
ehsavoie,swapydapy,2,4
ehsavoie,xiongwenxin123,1,1
ehsavoie,zeroasterisk,1,3
ehsavoie,zoujie-ee,1,1
eli-osherovich,justfalter,1,1
eli-osherovich,nvcnvn,1,1
eli-osherovich,richardanaya,1,1
eli-osherovich,swapydapy,1,1
everettVT,joshhalley,1,1
everettVT,lukehinds,1,2
everettVT,sfitts,1,1
everettVT,vishalmysore,1,2
everettVT,xtrasmal,1,1
f,patwhite,1,1
f,yedidel,1,1
fhinkel,gate4ai-alex,1,1
fhinkel,gpanakkal,1,1
fhinkel,herczyn,1,1
fhinkel,holtskinner,1,1
fhinkel,htondro,1,1
fhinkel,izzymsft,1,1
fhinkel,jaredrsommer,1,1
fhinkel,jerlyjelly,1,1
fhinkel,jonigl,1,1
fhinkel,kibitzing,1,1
fhinkel,kimsr96,1,1
fhinkel,kthota-g,1,1
fhinkel,logan272,1,1
fhinkel,madankumarpichamuthu,1,1
fhinkel,maeste,1,1
fhinkel,moonbox3,1,1
fhinkel,muscariello,1,1
fhinkel,oliverlabs,1,1
fhinkel,palladius,1,1
fhinkel,princejha95,1,1
fhinkel,pstephengoogle,1,1
fhinkel,qiansuo1,1,1
fhinkel,rajeshvelicheti,1,1
fhinkel,reatang,1,1
fhinkel,sunyuhan1998,1,1
fhinkel,tangpingqingwa,1,1
fhinkel,tucnak,1,1
fhinkel,vladislavdonchev,1,1
fhinkel,vongosling,1,1
fhinkel,whitlockjc,1,1
fhinkel,z2z23n0,1,1
fhinkel,zchee,1,1
fhinkel,zeroasterisk,1,1
fhinkel,zhenjunMa,1,1
fhinkel,zzxwill,1,1
fjuma,lrosenthol,1,1
gNtino,justfalter,1,2
gNtino,liar666,1,1
gNtino,nvcnvn,1,1
gNtino,richardanaya,1,1
gNtino,swapydapy,1,2
gNtino,xtrasmal,1,1
gabayben,lrosenthol,1,1
gagb,gijswalraven,1,2
gagb,guglielmo-san,1,1
gagb,holtskinner,1,2
gagb,iamrajiv,1,1
gagb,idagelic,1,1
gagb,jeff-nasseri,1,1
gagb,jokemanfire,1,1
gagb,krebznet,1,1
gagb,lkawka,1,2
gagb,lukehinds,1,1
gagb,moonbox3,1,2
gagb,ognis1205,1,2
gagb,pascal910107,1,2
gagb,pointhalo,1,1
gagb,pstephengoogle,1,2
gagb,rajeshvelicheti,1,2
gagb,satendrakumar,1,1
gagb,shamblett,1,1
gagb,whitlockjc,1,2
gagb,yarolegovich,1,2
gate4ai-alex,guglielmo-san,1,1
gate4ai-alex,iliesicatrinel,1,1
gate4ai-alex,zoujie-ee,1,1
gijswalraven,justfalter,1,2
gijswalraven,nvcnvn,1,1
gijswalraven,richardanaya,1,1
gijswalraven,swapydapy,2,5
gijswalraven,xiongwenxin123,1,1
gijswalraven,zeroasterisk,1,6
git-vote,justfalter,1,2
git-vote,lrosenthol,1,1
git-vote,nvcnvn,1,1
git-vote,richardanaya,1,2
git-vote,swapydapy,2,6
git-vote,xiongwenxin123,1,1
git-vote,zeroasterisk,1,6
gpanakkal,guglielmo-san,1,2
gpanakkal,iliesicatrinel,1,1
gpanakkal,mcglabs,1,1
gpanakkal,sfitts,1,1
gpanakkal,zoujie-ee,1,1
gregboero,lrosenthol,1,1
gspencergoog,justfalter,1,1
gspencergoog,nvcnvn,1,1
gspencergoog,richardanaya,1,1
gspencergoog,swapydapy,1,1
gstudiogdesigns-max,vinoo999,1,1
guglielmo-san,herczyn,1,4
guglielmo-san,holtskinner,1,5
guglielmo-san,htondro,1,1
guglielmo-san,izzymsft,1,4
guglielmo-san,jaredrsommer,1,1
guglielmo-san,jerlyjelly,1,1
guglielmo-san,jonigl,1,1
guglielmo-san,justfalter,1,1
guglielmo-san,kibitzing,1,1
guglielmo-san,kimsr96,1,1
guglielmo-san,kthota-g,1,5
guglielmo-san,logan272,1,4
guglielmo-san,lrosenthol,1,1
guglielmo-san,madankumarpichamuthu,1,2
guglielmo-san,maeste,1,4
guglielmo-san,mcglabs,1,2
guglielmo-san,moonbox3,1,2
guglielmo-san,muscariello,1,5
guglielmo-san,nvcnvn,1,1
guglielmo-san,oliverlabs,1,2
guglielmo-san,palladius,1,2
guglielmo-san,princejha95,1,3
guglielmo-san,pstephengoogle,1,5
guglielmo-san,qiansuo1,1,1
guglielmo-san,rajeshvelicheti,1,3
guglielmo-san,reatang,1,1
guglielmo-san,richardanaya,1,1
guglielmo-san,sfitts,1,1
guglielmo-san,sunyuhan1998,1,1
guglielmo-san,swapydapy,1,4
guglielmo-san,tangpingqingwa,1,1
guglielmo-san,tucnak,1,2
guglielmo-san,vladislavdonchev,1,3
guglielmo-san,vongosling,1,4
guglielmo-san,whitlockjc,1,3
guglielmo-san,z2z23n0,1,1
guglielmo-san,zchee,1,1
guglielmo-san,zeroasterisk,1,3
guglielmo-san,zhenjunMa,1,1
guglielmo-san,zzxwill,1,1
gulercan,vinoo999,1,1
hamidra,herczyn,1,1
hamidra,holtskinner,1,1
hamidra,inesmcm26,1,1
hamidra,jmandel,1,1
hamidra,jnapper7,1,1
hamidra,joepvgenuchten,1,1
hamidra,kthota-g,1,1
hamidra,lukehinds,1,1
hamidra,madankumarpichamuthu,1,1
hamidra,mcglabs,1,1
hamidra,mikeas1,1,1
hamidra,mikumifa,1,1
hamidra,mukteshkrmishra,1,1
hamidra,nandrews729,1,1
hamidra,ognis1205,1,1
hamidra,pausanchez,1,1
hamidra,pavankumarleo,1,1
hamidra,pstephengoogle,1,1
hamidra,ragaoua,1,1
hamidra,rebeccacamejo,1,1
hamidra,ritsuki1227,1,1
hamidra,sepo-eng,1,1
hamidra,spricet,1,1
hamidra,sreejit-a,1,1
hamidra,suvedo,1,1
hamidra,swapydapy,1,1
hamidra,tiswanso,1,1
hamidra,vishalmysore,1,1
hamidra,vizmut-labs,1,1
hamidra,whysage,1,1
hamidra,yangchi,1,1
hamidra,yarolegovich,1,1
hamidra,yzhao244,1,1
harrigan,justfalter,1,1
harrigan,nvcnvn,1,1
harrigan,richardanaya,1,1
harrigan,swapydapy,1,1
heiko-hotz,joshhalley,1,1
heiko-hotz,lukehinds,1,1
heiko-hotz,sfitts,1,1
heiko-hotz,vishalmysore,1,1
heiko-hotz,xtrasmal,1,1
herczyn,iliesicatrinel,1,3
herczyn,ishymko,1,4
herczyn,justfalter,1,2
herczyn,lrosenthol,1,1
herczyn,lukehinds,1,6
herczyn,mcglabs,1,4
herczyn,nvcnvn,1,1
herczyn,patwhite,1,4
herczyn,richardanaya,1,2
herczyn,sfitts,1,1
herczyn,swapydapy,2,8
herczyn,xiongwenxin123,1,1
herczyn,yedidel,1,2
herczyn,zeroasterisk,1,7
herczyn,zoujie-ee,1,1
holtskinner,iliesicatrinel,1,4
holtskinner,ishymko,1,5
holtskinner,joshhalley,1,3
holtskinner,justfalter,1,2
holtskinner,liar666,1,1
holtskinner,lrosenthol,1,1
holtskinner,lukehinds,2,12
holtskinner,mcglabs,1,4
holtskinner,nvcnvn,1,1
holtskinner,patwhite,1,8
holtskinner,richardanaya,1,3
holtskinner,sfitts,2,3
holtskinner,swapydapy,2,13
holtskinner,vishalmysore,1,9
holtskinner,xiongwenxin123,1,2
holtskinner,xtrasmal,2,2
holtskinner,yedidel,1,3
holtskinner,zeroasterisk,1,13
holtskinner,zoujie-ee,1,2
hoonji,lrosenthol,1,1
hoonji,mcglabs,1,1
hoonji,sfitts,1,1
howientc,mcglabs,1,1
howientc,sfitts,1,1
htondro,iliesicatrinel,1,1
htondro,zoujie-ee,1,1
hugo-romero-mm,ishymko,1,1
hugo-romero-mm,lukehinds,1,1
ibrahimokuyucu,vinoo999,1,1
iliesicatrinel,izzymsft,1,4
iliesicatrinel,jaredrsommer,1,1
iliesicatrinel,jerlyjelly,1,1
iliesicatrinel,jonigl,1,1
iliesicatrinel,kibitzing,1,1
iliesicatrinel,kimsr96,1,1
iliesicatrinel,kthota-g,1,4
iliesicatrinel,logan272,1,2
iliesicatrinel,lrosenthol,1,1
iliesicatrinel,madankumarpichamuthu,1,3
iliesicatrinel,maeste,1,4
iliesicatrinel,moonbox3,1,3
iliesicatrinel,muscariello,1,4
iliesicatrinel,oliverlabs,1,1
iliesicatrinel,palladius,1,2
iliesicatrinel,princejha95,1,1
iliesicatrinel,pstephengoogle,1,4
iliesicatrinel,qiansuo1,1,1
iliesicatrinel,rajeshvelicheti,1,3
iliesicatrinel,reatang,1,1
iliesicatrinel,sunyuhan1998,1,2
iliesicatrinel,swapydapy,1,3
iliesicatrinel,tangpingqingwa,1,1
iliesicatrinel,tucnak,1,2
iliesicatrinel,vladislavdonchev,1,1
iliesicatrinel,vongosling,1,3
iliesicatrinel,whitlockjc,1,2
iliesicatrinel,xiongwenxin123,1,1
iliesicatrinel,z2z23n0,1,2
iliesicatrinel,zchee,1,2
iliesicatrinel,zeroasterisk,2,3
iliesicatrinel,zhenjunMa,1,1
iliesicatrinel,zzxwill,1,1
imran-siddique,ishymko,1,1
imran-siddique,lukehinds,1,3
imran-siddique,vinoo999,1,2
inesmcm26,mcglabs,1,3
inesmcm26,patwhite,1,3
inesmcm26,sfitts,1,1
inesmcm26,yedidel,1,1
ipapapa,lrosenthol,1,1
irshadnilam,justfalter,1,1
irshadnilam,nvcnvn,1,1
irshadnilam,richardanaya,1,1
irshadnilam,swapydapy,1,2
ishymko,izzymsft,1,4
ishymko,jenish2917,1,1
ishymko,jmandel,1,3
ishymko,justfalter,1,2
ishymko,kadirpekel,1,1
ishymko,kpavlov,1,1
ishymko,kthota-g,1,5
ishymko,kurt-r2c,1,1
ishymko,logan272,1,2
ishymko,maeste,1,4
ishymko,matoushavlena,1,3
ishymko,mikeas1,1,5
ishymko,mindpower,1,1
ishymko,moonbox3,1,3
ishymko,muscariello,1,5
ishymko,mvakoc,1,2
ishymko,nicholasbreckwoldt,1,1
ishymko,nvcnvn,1,1
ishymko,ognis1205,1,5
ishymko,oliverlabs,1,3
ishymko,palladius,1,3
ishymko,pinchwork,1,1
ishymko,promptrotator,1,2
ishymko,pstephengoogle,1,5
ishymko,rajeshvelicheti,1,5
ishymko,richardanaya,1,1
ishymko,robert-at-pretension-io,1,3
ishymko,rohit2k21,1,1
ishymko,sandyskies,1,1
ishymko,siacomuzzi,1,1
ishymko,sunilp,1,1
ishymko,suvedo,1,2
ishymko,swapydapy,2,5
ishymko,sxhxliang,1,2
ishymko,whysage,1,5
ishymko,williamwa,1,1
ishymko,xiongwenxin123,1,1
ishymko,zeroasterisk,2,5
izzymsft,joshhalley,1,3
izzymsft,justfalter,1,2
izzymsft,lrosenthol,1,1
izzymsft,lukehinds,2,7
izzymsft,mcglabs,1,3
izzymsft,nvcnvn,1,1
izzymsft,patwhite,1,5
izzymsft,richardanaya,1,2
izzymsft,sfitts,2,2
izzymsft,swapydapy,2,8
izzymsft,vinoo999,1,9
izzymsft,vishalmysore,1,5
izzymsft,xiongwenxin123,1,1
izzymsft,xtrasmal,1,1
izzymsft,yedidel,1,3
izzymsft,zeroasterisk,1,8
izzymsft,zoujie-ee,1,1
jamesarmenta,mcglabs,1,1
jamesarmenta,sfitts,1,1
jamesev15,swapydapy,1,1
jamesev15,xiongwenxin123,1,1
jamesev15,zeroasterisk,1,1
jankrynauw,mcglabs,1,1
jankrynauw,sfitts,1,1
jaredrsommer,zoujie-ee,1,1
jebinj22,joshhalley,1,2
jebinj22,justfalter,1,1
jebinj22,lukehinds,1,3
jebinj22,nvcnvn,1,1
jebinj22,richardanaya,1,1
jebinj22,sfitts,1,1
jebinj22,swapydapy,1,3
jebinj22,vishalmysore,1,3
jebinj22,xtrasmal,1,1
jenish2917,lukehinds,1,2
jerlyjelly,zoujie-ee,1,1
jmandel,justfalter,1,2
jmandel,lukehinds,1,5
jmandel,mcglabs,1,3
jmandel,nvcnvn,1,1
jmandel,richardanaya,1,2
jmandel,sfitts,1,1
jmandel,swapydapy,2,6
jmandel,xiongwenxin123,1,1
jmandel,zeroasterisk,1,3
jmesnil,justfalter,1,1
jmesnil,lrosenthol,1,1
jmesnil,nvcnvn,1,1
jmesnil,richardanaya,1,1
jmesnil,swapydapy,1,4
jmesnil,vinoo999,1,4
jmracek,swapydapy,1,1
jmracek,xiongwenxin123,1,1
jmracek,zeroasterisk,1,1
jocelynh-microsoft,justfalter,1,2
jocelynh-microsoft,mcglabs,1,2
jocelynh-microsoft,nvcnvn,1,1
jocelynh-microsoft,richardanaya,1,1
jocelynh-microsoft,sfitts,1,1
jocelynh-microsoft,swapydapy,2,3
jocelynh-microsoft,xiongwenxin123,1,1
jocelynh-microsoft,zeroasterisk,1,2
jonigl,zoujie-ee,1,1
joshhalley,kimehdgns,1,1
joshhalley,kthota-g,1,3
joshhalley,lalrow,1,1
joshhalley,liuming-dev,1,1
joshhalley,liuzengh,1,2
joshhalley,lorenzocipriani-huawei,1,1
joshhalley,mikeas1,1,3
joshhalley,mindpower,1,2
joshhalley,muscariello,1,3
joshhalley,ognis1205,1,3
joshhalley,princejha95,1,2
joshhalley,pstephengoogle,1,3
joshhalley,raveenb,1,1
joshhalley,rebeccacamejo,1,1
joshhalley,ruFFaa,1,1
joshhalley,sandangel,1,1
joshhalley,tot-ra,1,1
joshhalley,ukshankar,1,1
joshhalley,unizhu,1,1
joshhalley,vineethsai,1,1
joshhalley,whysage,1,2
joshhalley,x0cipher,1,1
joshhalley,yairyairyair,1,1
joshhalley,yaronf,1,2
joshhalley,ymmt2005,1,1
joshhalley,zeroasterisk,1,3
justfalter,kabir,1,2
justfalter,kdenhartog,1,1
justfalter,kedoska,1,1
justfalter,kthota-g,1,2
justfalter,lkawka,1,2
justfalter,lukehinds,1,1
justfalter,luyiourwong,1,1
justfalter,maeste,1,2
justfalter,marelab,1,1
justfalter,marianogonzalez,1,1
justfalter,mcglabs,1,1
justfalter,mdii,1,1
justfalter,mikeas1,1,2
justfalter,mikeromano38,1,1
justfalter,nahapetyan-serob,1,1
justfalter,ognis1205,1,2
justfalter,oopslink,1,1
justfalter,palladius,1,1
justfalter,princejha95,1,1
justfalter,pstephengoogle,1,2
justfalter,robert-at-pretension-io,1,1
justfalter,scidomino,1,1
justfalter,sms03,1,1
justfalter,spricet,1,2
justfalter,suforme,1,1
justfalter,suvedo,1,1
justfalter,swapydapy,1,2
justfalter,tomkis,1,1
justfalter,tomsun28,1,1
justfalter,tunnckoCore,1,1
justfalter,vinoo999,1,2
justfalter,vishalmysore,1,1
justfalter,vizmut-labs,1,1
justfalter,vladislavdonchev,1,1
justfalter,vongosling,1,2
justfalter,whysage,1,2
justfalter,xiongwenxin123,1,1
justfalter,yarolegovich,1,2
justfalter,ydennisy,1,1
justfalter,zamorofthat,1,1
justfalter,zeroasterisk,1,2
justfalter,zhengleibin,1,1
justin-octo,vinoo999,1,1
kabir,nvcnvn,1,1
kabir,richardanaya,1,1
kabir,swapydapy,2,4
kabir,xiongwenxin123,1,1
kabir,zeroasterisk,1,4
kadirpekel,lukehinds,1,1
kay-schmitteckert,swapydapy,1,1
kay-schmitteckert,xiongwenxin123,1,1
kay-schmitteckert,zeroasterisk,1,1
kdenhartog,nvcnvn,1,1
kdenhartog,richardanaya,1,1
kdenhartog,swapydapy,1,2
kdenhartog,vinoo999,1,2
kedoska,nvcnvn,1,1
kedoska,richardanaya,1,1
kedoska,swapydapy,1,1
kibitzing,zoujie-ee,1,1
kimehdgns,lukehinds,1,1
kimehdgns,sfitts,1,1
kimehdgns,vishalmysore,1,1
kimehdgns,xtrasmal,1,1
kimsr96,zoujie-ee,1,1
kpavlov,lukehinds,1,1
kthota-g,lrosenthol,1,1
kthota-g,lukehinds,2,11
kthota-g,mcglabs,1,4
kthota-g,nvcnvn,1,1
kthota-g,richardanaya,1,3
kthota-g,sfitts,2,3
kthota-g,swapydapy,2,12
kthota-g,vishalmysore,1,8
kthota-g,xiongwenxin123,1,2
kthota-g,xtrasmal,1,2
kthota-g,zeroasterisk,1,13
kthota-g,zoujie-ee,1,2
kurt-r2c,lukehinds,1,2
kurt-r2c,vinoo999,1,1
kyleacmooney,liar666,1,1
kyleacmooney,xtrasmal,1,1
lahlfors,liar666,1,1
lahlfors,xtrasmal,1,1
lalrow,lukehinds,1,2
lalrow,sfitts,1,1
lalrow,vishalmysore,1,2
lalrow,xtrasmal,1,1
laurentsimon,patwhite,1,3
laurentsimon,vinoo999,1,4
laurentsimon,yedidel,1,2
leavez,patwhite,1,1
leavez,yedidel,1,1
lerhaupt,swapydapy,1,1
lerhaupt,xiongwenxin123,1,1
lerhaupt,zeroasterisk,1,1
liar666,lorenzocipriani-huawei,1,1
liar666,lukehinds,1,1
liar666,moonbox3,1,1
liar666,nikhilmaddirala,1,1
liar666,ognis1205,1,1
liar666,patwhite,1,1
liar666,ppattanayak,1,1
liar666,pstephengoogle,1,1
liar666,rajib76,1,1
liar666,robert-at-pretension-io,1,1
liar666,robomotic,1,1
liar666,satishkamavaram,1,1
liar666,sfitts,1,1
liar666,sing1ee,1,1
liar666,syumpx,1,1
liar666,vishalmysore,1,1
liar666,vizmut-labs,1,1
liar666,vongosling,1,1
liar666,widrss,1,1
liar666,wushubang,1,1
liar666,yasonk,1,1
liuming-dev,lukehinds,1,1
liuming-dev,sfitts,1,1
liuming-dev,vishalmysore,1,1
liuming-dev,xtrasmal,1,1
liuzengh,lukehinds,1,2
liuzengh,sfitts,1,1
liuzengh,vishalmysore,1,1
liuzengh,xtrasmal,1,1
lj-raidiam,vinoo999,1,1
lkawka,mcglabs,1,3
lkawka,nvcnvn,1,1
lkawka,patwhite,1,4
lkawka,richardanaya,1,2
lkawka,sfitts,1,1
lkawka,swapydapy,2,6
lkawka,xiongwenxin123,1,1
lkawka,yedidel,1,2
lkawka,zeroasterisk,1,6
logan272,lrosenthol,1,1
logan272,lukehinds,1,4
logan272,mcglabs,1,2
logan272,sfitts,1,1
logan272,zoujie-ee,1,1
loganaden,lrosenthol,1,1
loganwolfe-ims,vinoo999,1,1
lorenzocipriani-huawei,lukehinds,1,3
lorenzocipriani-huawei,sfitts,1,2
lorenzocipriani-huawei,vinoo999,1,3
lorenzocipriani-huawei,vishalmysore,1,3
lorenzocipriani-huawei,xtrasmal,2,2
lrosenthol,maeste,1,1
lrosenthol,mikeas1,1,1
lrosenthol,mjunaidca,1,1
lrosenthol,msardara,1,1
lrosenthol,muscariello,1,1
lrosenthol,ognis1205,1,1
lrosenthol,pstephengoogle,1,1
lrosenthol,pwwpche,1,1
lrosenthol,qingyun-wu,1,1
lrosenthol,robert-at-pretension-io,1,1
lrosenthol,tucnak,1,1
lrosenthol,vinoo999,1,1
lrosenthol,vishalmysore,1,1
lrosenthol,z-a-f,1,1
lrosenthol,zhengleibin,1,1
lukehinds,maeste,1,4
lukehinds,matoushavlena,1,6
lukehinds,mcglabs,1,4
lukehinds,mikeas1,2,11
lukehinds,mindpower,2,2
lukehinds,moonbox3,1,4
lukehinds,muscariello,2,7
lukehinds,mvakoc,1,1
lukehinds,nicholasbreckwoldt,1,1
lukehinds,nvcnvn,1,1
lukehinds,ognis1205,2,10
lukehinds,oliverlabs,1,4
lukehinds,palladius,1,2
lukehinds,patwhite,1,5
lukehinds,pinchwork,1,1
lukehinds,princejha95,1,7
lukehinds,promptrotator,1,1
lukehinds,pstephengoogle,2,11
lukehinds,rajeshvelicheti,1,6
lukehinds,raveenb,1,1
lukehinds,rebeccacamejo,1,2
lukehinds,richardanaya,1,3
lukehinds,robert-at-pretension-io,1,8
lukehinds,rohit2k21,1,1
lukehinds,ruFFaa,1,1
lukehinds,sandangel,1,3
lukehinds,sandyskies,1,3
lukehinds,sfitts,1,3
lukehinds,siacomuzzi,1,4
lukehinds,sunilp,1,1
lukehinds,suvedo,1,5
lukehinds,swapydapy,1,9
lukehinds,sxhxliang,1,1
lukehinds,tot-ra,1,1
lukehinds,ukshankar,1,1
lukehinds,unizhu,1,1
lukehinds,vineethsai,1,1
lukehinds,vinoo999,1,8
lukehinds,whysage,2,6
lukehinds,williamwa,1,1
lukehinds,x0cipher,1,1
lukehinds,xtrasmal,1,2
lukehinds,yairyairyair,1,1
lukehinds,yaronf,1,2
lukehinds,yedidel,1,2
lukehinds,ymmt2005,1,1
lukehinds,zeroasterisk,2,7
luyiourwong,nvcnvn,1,1
luyiourwong,richardanaya,1,1
luyiourwong,swapydapy,1,1
madankumarpichamuthu,mcglabs,1,3
madankumarpichamuthu,patwhite,1,5
madankumarpichamuthu,sfitts,1,1
madankumarpichamuthu,swapydapy,1,7
madankumarpichamuthu,xiongwenxin123,1,1
madankumarpichamuthu,yedidel,1,2
madankumarpichamuthu,zeroasterisk,1,5
madankumarpichamuthu,zoujie-ee,1,1
maeste,mcglabs,1,3
maeste,nvcnvn,1,1
maeste,patwhite,1,4
maeste,richardanaya,1,2
maeste,sfitts,1,1
maeste,swapydapy,2,7
maeste,xiongwenxin123,1,1
maeste,yedidel,1,2
maeste,zeroasterisk,1,7
maeste,zoujie-ee,1,1
manja316,vinoo999,1,1
marelab,nvcnvn,1,1
marelab,richardanaya,1,1
marelab,swapydapy,1,1
marianogonzalez,nvcnvn,1,1
marianogonzalez,richardanaya,1,1
marianogonzalez,swapydapy,1,1
markgoho,mcglabs,1,1
markgoho,sfitts,1,1
matoushavlena,mcglabs,1,3
matoushavlena,patwhite,1,3
matoushavlena,sfitts,1,1
matoushavlena,yedidel,1,1
mcglabs,muscariello,1,2
mcglabs,muthub-ai,1,1
mcglabs,nvcnvn,1,1
mcglabs,ognis1205,1,3
mcglabs,patwhite,1,3
mcglabs,pauldotknopf,1,1
mcglabs,princejha95,1,3
mcglabs,pstephengoogle,1,4
mcglabs,punkyoon,1,1
mcglabs,richardanaya,1,2
mcglabs,rogpeppe,1,1
mcglabs,rokonec,1,1
mcglabs,salqadri,1,1
mcglabs,sandangel,1,2
mcglabs,sd0ric4,1,1
mcglabs,spricet,1,3
mcglabs,swapydapy,2,4
mcglabs,xui-will,1,1
mcglabs,yarolegovich,1,4
mdii,nvcnvn,1,1
mdii,richardanaya,1,2
mdii,swapydapy,1,2
mihaimaruseac,vinoo999,1,2
mikeas1,nvcnvn,1,1
mikeas1,patwhite,1,6
mikeas1,richardanaya,1,3
mikeas1,sfitts,1,2
mikeas1,swapydapy,2,12
mikeas1,vinoo999,1,10
mikeas1,vishalmysore,1,7
mikeas1,xiongwenxin123,1,1
mikeas1,xtrasmal,1,1
mikeas1,yedidel,1,3
mikeas1,zeroasterisk,1,10
mikeromano38,nvcnvn,1,1
mikeromano38,richardanaya,1,1
mikeromano38,swapydapy,1,1
mindpower,sfitts,1,1
mindpower,vishalmysore,1,1
mindpower,xtrasmal,1,1
moonbox3,xtrasmal,1,1
moonbox3,zoujie-ee,1,2
mrorigo,patwhite,1,1
mrorigo,yedidel,1,1
muscariello,sfitts,2,2
muscariello,swapydapy,1,9
muscariello,vinoo999,1,8
muscariello,vishalmysore,1,6
muscariello,xiongwenxin123,1,1
muscariello,xtrasmal,1,1
muscariello,zeroasterisk,1,10
muscariello,zoujie-ee,1,2
muthub-ai,sfitts,1,1
nahapetyan-serob,nvcnvn,1,1
nahapetyan-serob,richardanaya,1,1
nahapetyan-serob,swapydapy,1,1
nembal,vinoo999,1,1
nikhilmaddirala,xtrasmal,1,1
nvcnvn,ognis1205,1,1
nvcnvn,oopslink,1,1
nvcnvn,palladius,1,1
nvcnvn,princejha95,1,1
nvcnvn,pstephengoogle,1,1
nvcnvn,robert-at-pretension-io,1,1
nvcnvn,scidomino,1,1
nvcnvn,sms03,1,1
nvcnvn,spricet,1,1
nvcnvn,suforme,1,1
nvcnvn,suvedo,1,1
nvcnvn,tomkis,1,1
nvcnvn,tomsun28,1,1
nvcnvn,tunnckoCore,1,1
nvcnvn,vinoo999,1,1
nvcnvn,vishalmysore,1,1
nvcnvn,vizmut-labs,1,1
nvcnvn,vladislavdonchev,1,1
nvcnvn,vongosling,1,1
nvcnvn,whysage,1,1
nvcnvn,yarolegovich,1,1
nvcnvn,ydennisy,1,1
nvcnvn,zamorofthat,1,1
nvcnvn,zhengleibin,1,1
ognis1205,richardanaya,1,1
ognis1205,sfitts,2,3
ognis1205,swapydapy,2,10
ognis1205,vinoo999,1,9
ognis1205,vishalmysore,1,8
ognis1205,xiongwenxin123,1,2
ognis1205,xtrasmal,2,2
ognis1205,zeroasterisk,1,10
oliverlabs,zoujie-ee,1,1
omkar-12bits,patwhite,1,1
omkar-12bits,yedidel,1,1
oopslink,richardanaya,1,1
oopslink,swapydapy,1,1
palladius,richardanaya,1,1
palladius,swapydapy,1,4
palladius,zoujie-ee,1,1
patwhite,pstephengoogle,1,6
patwhite,rajeshvelicheti,1,4
patwhite,richardanaya,1,1
patwhite,rodrigallardo,1,1
patwhite,sandangel,1,3
patwhite,sfitts,1,2
patwhite,swapydapy,2,6
patwhite,vinoo999,2,7
patwhite,whysage,1,5
patwhite,xiongwenxin123,1,2
patwhite,xtrasmal,1,1
patwhite,yarolegovich,1,5
patwhite,yukuanj,1,1
patwhite,zeroasterisk,1,4
pauldotknopf,sfitts,1,1
ppattanayak,xtrasmal,1,1
princejha95,richardanaya,1,2
princejha95,sfitts,2,2
princejha95,swapydapy,1,8
princejha95,vinoo999,1,5
princejha95,vishalmysore,1,3
princejha95,xtrasmal,1,1
princejha95,zoujie-ee,1,1
pstephengoogle,richardanaya,1,3
pstephengoogle,sfitts,2,3
pstephengoogle,swapydapy,2,12
pstephengoogle,vishalmysore,1,7
pstephengoogle,xiongwenxin123,1,2
pstephengoogle,xtrasmal,2,2
pstephengoogle,yedidel,1,2
pstephengoogle,zeroasterisk,1,12
pstephengoogle,zoujie-ee,1,2
pszjmb1,vinoo999,1,1
punkyoon,sfitts,1,1
qiansuo1,zoujie-ee,1,1
rajeshvelicheti,yedidel,1,2
rajeshvelicheti,zoujie-ee,1,2
rajib76,xtrasmal,1,1
raveenb,sfitts,1,1
raveenb,vishalmysore,1,1
raveenb,xtrasmal,1,1
reatang,zoujie-ee,1,1
rebeccacamejo,sfitts,1,1
rebeccacamejo,vishalmysore,1,2
rebeccacamejo,xtrasmal,1,1
richardanaya,robert-at-pretension-io,1,1
richardanaya,scidomino,1,1
richardanaya,sms03,1,1
richardanaya,spricet,1,1
richardanaya,suforme,1,1
richardanaya,suvedo,1,1
richardanaya,tomkis,1,1
richardanaya,tomsun28,1,1
richardanaya,tunnckoCore,1,1
richardanaya,vinoo999,1,3
richardanaya,vishalmysore,1,1
richardanaya,vizmut-labs,1,1
richardanaya,vladislavdonchev,1,1
richardanaya,vongosling,1,1
richardanaya,whysage,1,2
richardanaya,yarolegovich,1,3
richardanaya,ydennisy,1,1
richardanaya,yedidel,1,1
richardanaya,zamorofthat,1,1
richardanaya,zhengleibin,1,1
robert-at-pretension-io,swapydapy,1,6
robert-at-pretension-io,vinoo999,1,7
robert-at-pretension-io,xtrasmal,1,2
robomotic,vinoo999,1,3
robomotic,xtrasmal,1,1
rodrigallardo,yedidel,1,1
rogpeppe,sfitts,1,1
rogpeppe,swapydapy,1,2
rogpeppe,xiongwenxin123,1,1
rogpeppe,zeroasterisk,1,1
rokonec,sfitts,1,1
rrrodzilla,vinoo999,1,1
ruFFaa,sfitts,1,1
ruFFaa,vishalmysore,1,1
ruFFaa,xtrasmal,1,1
salqadri,sfitts,1,1
sandangel,sfitts,2,2
sandangel,swapydapy,1,3
sandangel,vishalmysore,1,1
sandangel,xiongwenxin123,1,1
sandangel,xtrasmal,1,1
sandangel,yedidel,1,2
sandangel,zeroasterisk,1,3
satishkamavaram,xtrasmal,1,1
scidomino,swapydapy,1,2
sd0ric4,sfitts,1,1
sfitts,spricet,1,1
sfitts,swapydapy,1,1
sfitts,tot-ra,1,1
sfitts,ukshankar,1,1
sfitts,unizhu,1,1
sfitts,vineethsai,1,1
sfitts,whysage,1,1
sfitts,x0cipher,1,1
sfitts,xtrasmal,1,2
sfitts,xui-will,1,1
sfitts,yairyairyair,1,1
sfitts,yarolegovich,1,1
sfitts,yaronf,1,1
sfitts,ymmt2005,1,1
sfitts,zeroasterisk,1,1
sing1ee,xtrasmal,1,2
sms03,swapydapy,1,2
spricet,swapydapy,2,5
spricet,xiongwenxin123,1,1
spricet,zeroasterisk,1,3
suforme,swapydapy,1,1
sunyuhan1998,zoujie-ee,1,1
suvedo,swapydapy,1,4
swapydapy,tomkis,1,2
swapydapy,tomsun28,1,3
swapydapy,tunnckoCore,1,1
swapydapy,vinoo999,2,8
swapydapy,vishalmysore,1,5
swapydapy,vizmut-labs,1,4
swapydapy,vladislavdonchev,1,3
swapydapy,vongosling,2,5
swapydapy,whysage,2,8
swapydapy,xui-will,1,2
swapydapy,yarolegovich,2,11
swapydapy,ydennisy,1,3
swapydapy,yedidel,2,3
swapydapy,zamorofthat,1,1
swapydapy,zchee,1,2
swapydapy,zhengleibin,1,1
syaproj,vinoo999,1,2
syumpx,xtrasmal,1,1
tangpingqingwa,zoujie-ee,1,1
thebenignhacker,vinoo999,1,1
tomasdev,vinoo999,1,1
tot-ra,vishalmysore,1,1
tot-ra,xtrasmal,1,1
tucnak,zoujie-ee,1,1
ukshankar,vishalmysore,1,1
ukshankar,xtrasmal,1,1
unizhu,vishalmysore,1,1
unizhu,xtrasmal,1,1
vineethsai,vishalmysore,1,1
vineethsai,xtrasmal,1,1
vinoo999,vishalmysore,1,8
vinoo999,vizmut-labs,1,6
vinoo999,whysage,1,7
vinoo999,xiongwenxin123,1,2
vinoo999,yedidel,2,3
vinoo999,zeroasterisk,1,8
vishalmysore,whysage,1,5
vishalmysore,x0cipher,1,1
vishalmysore,xtrasmal,1,2
vishalmysore,yairyairyair,1,1
vishalmysore,yaronf,1,1
vishalmysore,ymmt2005,1,1
vishalmysore,zeroasterisk,1,5
vizmut-labs,xtrasmal,1,2
vladislavdonchev,zoujie-ee,1,1
vongosling,xiongwenxin123,1,2
vongosling,xtrasmal,1,1
vongosling,zeroasterisk,1,6
vongosling,zoujie-ee,1,1
whitlockjc,zoujie-ee,1,2
whysage,xiongwenxin123,1,1
whysage,xtrasmal,1,1
whysage,yedidel,1,3
whysage,zeroasterisk,1,7
widrss,xtrasmal,1,1
wushubang,xtrasmal,1,1
x0cipher,xtrasmal,1,1
xiongwenxin123,xui-will,1,1
xiongwenxin123,yarolegovich,1,1
xiongwenxin123,yedidel,1,1
xiongwenxin123,zchee,1,1
xtrasmal,yairyairyair,1,1
xtrasmal,yaronf,1,1
xtrasmal,yasonk,1,1
xtrasmal,ymmt2005,1,1
xtrasmal,zeroasterisk,1,1
xui-will,zeroasterisk,1,1
yarolegovich,yedidel,1,2
yarolegovich,zeroasterisk,1,8
yedidel,yukuanj,1,1
yedidel,zeroasterisk,1,2
z2z23n0,zoujie-ee,1,1
zchee,zeroasterisk,1,2
zchee,zoujie-ee,1,1
zeroasterisk,zoujie-ee,1,2
zhenjunMa,zoujie-ee,1,1
zoujie-ee,zzxwill,1,1
