author,T01,T02,T03,T04,T05,T06,T07,T08,T09,T10,T11,T12,T13,T14,T15,T16,T17,T18,T19
0xTomDaniel,0,0,1,0,0,0,0,0,0,0,0,0,0,0,0,0,0,0,0
101scholar,0,1,1,0,0,0,0,0,0,0,0,0,0,0,0,0,1,0,0
1137043480,0,0,0,0,0,0,0,0,0,0,0,0,0,0,1,0,0,0,0
3nsai,0,0,0,0,0,0,0,0,0,0,0,0,1,0,0,0,0,0,0
AIXerum,0,0,0,0,0,0,0,0,0,0,0,0,0,0,0,0,1,0,0
AdarPeleg,0,0,0,0,0,2,0,0,0,0,0,0,0,0,0,0,0,0,0
AlbumenJ,0,0,0,0,2,1,0,0,1,0,0,0,0,0,0,0,0,0,0
AlexanderShenshin,0,2,0,0,0,0,0,0,0,0,0,0,0,0,0,0,0,0,0
AlexsJones,0,0,0,0,1,0,4,0,0,0,0,0,0,0,1,1,0,0,0
AliMuhammadOfficial,0,1,0,0,0,0,0,0,0,0,0,0,0,0,0,0,0,0,0
AlokRanjanSwain,0,0,0,0,0,0,0,0,0,0,0,0,0,0,0,0,1,2,0
AndrewPanB,0,1,0,0,0,0,0,0,0,0,0,0,0,0,0,0,0,0,0
AndyStan112,0,0,0,0,0,0,0,0,0,0,0,0,0,0,0,0,0,1,0
Areo-Joe,0,0,0,0,0,0,0,0,0,0,1,0,0,0,0,0,0,1,0
AshuJoshi,0,0,0,0,0,0,0,0,0,0,0,0,0,0,0,0,0,0,1
Bill-XU,0,0,0,0,0,0,0,0,0,1,0,0,0,0,0,0,1,0,0
Boburmirzo,0,0,0,0,0,0,0,0,0,0,0,1,0,0,0,0,0,0,0
CAG-nolan,0,0,0,0,0,0,0,0,0,0,1,0,0,0,0,0,0,0,0
CHARLIE1210-A,0,1,0,0,0,2,3,0,0,2,0,0,0,0,0,0,0,1,0
CSZHK,0,0,0,0,0,0,0,0,0,0,0,0,0,0,0,0,0,0,1
CZH-THU,0,0,0,0,0,0,0,0,0,2,0,0,0,0,1,0,0,0,3
CakeCrusher,0,0,0,0,0,0,0,0,0,0,0,0,0,2,2,1,0,0,0
Camusama,0,0,0,0,0,0,0,0,0,0,0,0,0,0,1,0,0,0,0
Copilot,2,0,0,0,0,0,1,0,0,0,1,0,0,0,1,0,0,2,0
DGuhr,0,0,0,0,0,0,0,2,0,0,0,0,0,0,0,0,0,0,0
DJ-os,1,0,0,0,0,3,7,0,0,0,0,0,0,0,1,0,0,0,1
DL1231,0,0,0,0,0,0,1,0,0,0,0,0,0,0,0,0,0,0,0
DavidMaister,0,0,0,0,1,0,0,0,0,0,0,0,0,0,0,0,0,0,0
DiTo97,0,0,0,0,0,0,0,0,0,0,0,0,0,0,0,0,0,1,0
DinoChiesa,0,0,0,0,0,1,0,0,0,0,0,0,0,0,0,0,0,0,0
Do-tech-ai,0,0,0,0,0,0,0,0,0,0,0,0,0,0,1,0,0,0,0
DracoBlue,0,1,0,1,2,0,1,0,0,0,2,0,1,0,0,0,0,0,0
EditUndo,0,0,5,0,2,1,2,1,0,0,0,0,0,0,0,0,1,1,0
Eggrolling-hu,0,0,0,1,0,0,0,0,0,0,0,0,0,0,0,0,0,0,0
Einsfier,0,0,0,0,0,0,0,0,1,0,0,0,0,0,0,0,0,0,0
EliasLumer,0,0,1,0,0,0,0,0,0,0,0,0,0,0,0,0,0,0,0
Emilmeister,0,0,0,1,0,0,0,0,0,0,0,0,0,0,0,0,0,0,0
FailedNamed,0,0,0,0,0,0,0,0,0,0,0,0,0,0,0,1,0,0,0
Fannon,0,0,5,0,0,0,1,0,0,2,0,0,0,0,0,0,0,1,0
FoolishDreamer,0,0,1,0,0,0,0,0,0,0,0,0,0,0,0,0,0,0,0
Francosimon53,0,0,0,0,0,0,0,0,0,1,0,0,0,0,0,0,0,0,0
Frankdog,0,0,0,1,0,0,0,0,0,0,0,0,0,0,1,0,0,0,1
GeunCheolOh,0,0,0,0,0,0,0,0,0,0,0,0,0,0,0,0,0,0,1
Gioxxy,0,0,0,0,0,1,0,0,0,0,0,0,0,0,0,0,0,0,0
Guidosalimbeni,0,0,0,0,1,0,0,0,0,0,0,0,0,0,0,0,0,0,0
HV9903,0,0,0,0,0,0,0,0,0,0,0,0,0,0,0,0,0,1,0
HadjievK,0,0,0,0,0,0,0,0,0,0,0,0,0,0,0,0,1,1,0
HaohanTsao,0,1,0,0,0,2,0,0,0,0,0,0,0,0,0,0,0,0,0
HeetVekariya,0,0,0,0,0,1,1,1,0,1,0,0,0,0,1,0,0,0,4
HomeroRR,1,0,0,0,1,0,0,0,0,0,0,0,0,0,0,0,0,1,1
HungYangChang,0,0,0,0,0,0,0,0,0,0,0,0,0,1,0,2,0,1,0
IhateCreatingUserNames2,0,0,0,0,1,0,0,0,0,0,0,0,1,0,0,0,0,0,0
Ivanye2509,0,0,0,0,0,0,0,0,0,0,0,0,0,0,0,0,0,1,0
JKHeadley,0,0,0,0,0,0,1,7,0,1,0,0,0,0,0,0,0,0,0
JMLX42,0,0,0,0,1,0,0,0,0,0,0,0,0,0,0,0,0,0,0
JadenHuang2023,0,0,0,1,0,0,0,0,0,0,0,0,0,0,0,0,0,1,0
Jai0401,0,0,0,0,0,1,0,0,0,0,0,0,0,0,0,0,0,0,0
Jaland,0,0,0,0,0,0,1,0,0,0,0,0,0,0,0,0,0,0,0
JanPokorny,0,0,0,0,0,0,0,0,0,0,1,0,0,0,0,0,0,1,0
JayBhadiyadraInstanceIT,1,0,0,0,0,0,0,0,0,0,0,0,0,0,1,0,0,1,0
JeremyFan,0,0,0,0,0,0,0,0,0,0,0,0,1,0,1,0,0,0,0
JeromeOvO,2,0,0,0,1,0,0,0,0,0,0,0,0,0,0,0,0,1,0
JerryDaHeLian,0,0,1,0,0,0,0,0,0,0,0,0,0,0,0,0,0,0,0
JetsettingJames,0,0,0,0,0,0,0,0,0,0,0,0,0,0,0,0,0,1,0
JinyongShin,0,0,0,0,0,0,0,0,0,0,0,0,0,0,1,0,0,0,1
Joapfel,0,0,0,0,0,0,0,1,0,0,0,0,0,0,0,0,0,0,0
KanchiShimono,0,0,0,0,0,0,0,0,0,0,0,0,0,0,0,1,0,0,0
Kevin1466,0,0,0,0,1,0,1,0,0,0,0,0,0,0,0,0,0,0,1
KiteSoar,0,0,1,0,0,0,0,0,0,0,0,0,0,0,0,0,0,0,0
Kludex,0,0,0,0,0,0,0,0,0,1,0,1,0,0,0,0,0,2,0
KomachiSion,1,0,3,0,0,0,0,0,0,2,1,0,0,0,0,0,0,1,0
KrshnKush,0,0,0,0,0,0,2,0,0,3,0,0,0,0,0,0,0,0,0
LI-Jinyang,1,0,0,0,0,0,0,0,0,0,0,0,0,0,0,0,0,1,0
Lancetnik,0,0,2,0,0,1,0,1,4,1,0,0,1,0,0,1,0,0,0
LingJingMaster,0,0,0,0,0,1,0,0,0,0,0,2,0,0,1,0,0,0,2
Linux2010,0,0,0,0,4,11,1,0,0,0,0,0,0,0,2,0,0,0,1
LoganDavidTalbot,0,0,0,0,0,0,1,0,0,0,0,0,0,0,0,0,0,0,0
LordOfBug,0,0,1,0,0,0,0,0,0,0,0,0,0,0,0,0,0,0,0
LucaButBoring,0,1,1,0,0,0,0,0,0,0,0,0,0,0,0,0,0,0,0
LuckyLaochou,0,0,0,0,0,0,0,0,0,0,0,0,0,0,0,0,0,2,0
MG1-4,0,0,2,1,2,0,0,0,1,0,0,0,0,0,0,0,0,0,0
MaoJianwei,1,0,0,0,1,0,0,0,0,0,0,0,0,0,0,0,0,0,0
Meir017,0,0,0,0,0,1,0,0,0,0,0,0,0,0,0,0,0,0,0
MengJiapeng,0,0,0,0,0,0,0,0,0,0,0,0,0,0,0,3,0,0,0
Midnight-719,0,0,2,0,0,0,0,0,0,0,0,0,0,0,0,0,0,0,0
Miku-Kogane,0,0,0,0,1,0,0,0,0,0,0,0,0,0,0,0,0,0,0
Mocuto,1,0,0,0,0,0,0,0,0,0,1,0,0,0,0,0,0,1,0
MoonRendering,0,0,0,0,0,0,0,0,0,0,0,0,0,0,0,0,0,1,1
MrChengmo,0,0,0,0,0,0,0,0,0,0,0,0,0,0,0,1,0,0,0
NavtejMAQ,0,0,0,0,0,0,0,0,0,0,0,0,0,0,0,0,0,0,3
OyaAIProd,0,1,4,0,0,0,1,0,0,1,0,0,0,0,0,0,0,0,0
Paulchen5,0,0,0,0,0,0,2,0,0,0,0,0,0,0,1,0,0,0,0
Phil-Hills,1,0,0,0,0,1,1,1,0,0,1,0,0,1,1,0,0,0,0
PierreVannier,0,0,0,0,0,0,1,0,0,0,0,0,0,0,0,0,0,0,0
PoolDad-Legal,0,0,0,0,0,1,0,0,0,0,0,0,0,0,0,0,0,0,0
Pray4Love1,0,0,0,0,0,0,0,0,0,0,0,0,1,0,0,0,0,0,0
QuantumDaveLdn,0,0,1,0,0,0,0,0,0,0,0,0,0,0,0,0,0,0,0
RIKTESH89,0,0,0,0,0,1,0,0,0,0,0,0,0,0,0,0,0,0,0
Realsid,0,0,0,1,0,0,0,0,0,0,0,0,0,0,0,0,0,3,0
Renator13,0,0,0,0,0,0,0,0,0,0,0,0,2,0,0,0,0,0,0
ReubenBond,1,0,0,2,0,0,0,0,0,0,0,0,0,0,0,0,0,1,0
RobinQu,0,0,0,2,0,0,0,0,0,0,0,0,0,0,0,1,0,0,0
RoyAmitabh,0,0,0,0,0,0,0,0,0,0,0,0,0,0,0,0,1,0,0
Roye-Wy,0,0,0,0,0,0,0,0,0,1,0,0,0,0,0,0,0,0,0
RubberGoose246,0,0,0,0,1,0,0,0,0,0,0,0,0,0,0,0,0,0,0
SecretiveShell,0,0,0,0,0,0,0,0,0,1,0,0,0,0,0,0,0,0,0
SecureAgentTools,1,0,12,0,0,0,0,0,0,2,0,0,0,0,0,0,0,0,0
SellJamHere,0,0,0,0,0,0,0,0,0,0,1,0,0,0,0,0,0,0,0
SergeyMenshykh,0,0,0,0,2,0,0,0,0,0,0,0,0,0,0,0,0,0,0
ShayakSarkar,0,0,0,0,0,0,0,0,0,0,0,0,0,0,0,0,0,1,0
SimplyKnownAsG,0,0,0,0,0,0,0,0,0,0,0,0,0,0,0,1,0,0,0
SoloJiang,0,0,0,0,0,0,0,0,0,0,0,0,0,0,0,0,0,1,0
Starborn,0,0,0,0,0,1,0,0,0,0,0,0,0,0,0,0,0,0,0
SteveJamesDev,0,0,0,1,0,0,0,0,0,0,0,0,0,0,0,0,0,0,0
StevenJohnson998,0,0,0,0,0,0,0,1,0,1,0,0,0,0,0,0,0,0,0
TP9-dev,0,0,0,0,0,0,0,0,0,0,0,0,0,0,0,0,2,0,0
TangHui-Best,0,0,0,0,0,0,0,0,0,0,0,0,0,0,0,0,0,1,0
Tech-AML,0,0,0,1,0,0,0,0,0,0,0,0,0,0,0,0,0,0,0
Tehsmash,30,2,0,13,2,6,3,3,12,4,9,0,0,0,0,6,0,15,2
The-Nexus-Guard,0,3,0,0,0,0,0,13,0,1,0,0,0,0,0,0,1,1,0
ThierryThevenet,0,0,1,0,0,0,0,3,0,0,0,0,0,0,0,0,0,1,0
ToddSegal,3,1,0,0,0,1,0,1,1,1,1,0,0,1,0,0,1,8,1
TomorJM,0,0,0,0,0,0,1,0,0,0,0,0,0,0,0,0,0,0,0
Vidit-Ostwal,0,0,0,0,0,0,0,0,0,0,0,0,0,0,0,0,0,1,0
WaqasIshaque1,0,0,0,0,0,0,1,0,0,1,0,0,0,0,0,0,0,0,0
XiHeee,0,0,0,0,0,0,1,0,0,0,0,0,0,0,0,0,0,0,0
XiaoTianCan,0,0,0,0,0,0,0,0,0,0,0,0,0,0,0,0,0,1,0
Yoojkim,0,0,0,0,0,0,0,0,0,0,0,0,0,0,0,0,0,1,0
Yotaro111,0,0,0,0,0,0,2,0,0,0,0,0,0,0,0,0,0,0,0
Yukinekoko,0,0,0,0,0,1,0,0,0,0,0,0,0,0,0,0,0,0,0
YuqingZhao,0,0,0,0,1,0,0,0,0,0,0,0,0,0,0,0,0,0,0
ZapzCsgo,0,0,0,0,0,2,0,0,0,0,0,0,0,0,0,0,0,1,0
Zephyr-Blessed,0,0,2,0,0,0,0,0,0,0,0,0,0,0,0,0,0,0,0
ZhiLiGod,0,0,0,0,0,0,0,0,0,0,0,0,0,0,0,0,0,1,1
Zinni98,0,0,0,0,0,0,0,0,0,0,0,0,0,0,0,0,0,1,0
a2a-bot,2,0,0,0,0,0,0,0,0,0,0,0,0,0,0,0,0,0,0
aCanalez,0,0,0,0,0,1,0,0,0,0,0,0,0,0,0,0,0,0,0
aamonten,0,0,0,0,0,1,0,0,0,0,0,0,0,0,1,0,0,0,0
aazizisoufiane,0,0,0,0,0,0,0,0,0,0,0,0,0,0,0,0,1,0,0
abdibrokhim,0,0,0,0,0,1,0,0,0,0,0,0,0,0,0,0,0,1,1
abhinav24jha,0,0,0,0,0,0,0,0,0,0,0,0,0,0,0,0,0,1,0
abiramit5,0,1,0,0,0,19,2,0,0,0,0,0,0,1,0,0,0,0,0
acensia,0,0,0,0,0,0,0,0,0,0,0,0,0,0,0,3,0,0,0
adarshnarayanhegde,0,0,0,0,0,0,1,0,1,0,2,0,0,0,0,0,0,0,0
adcentury,0,0,0,0,0,0,0,0,0,0,0,1,0,0,0,0,0,0,0
adsri,0,0,0,1,0,0,0,0,0,0,0,0,0,0,0,1,0,0,0
adv-11,0,0,0,0,1,0,0,0,0,0,0,0,0,0,0,0,0,0,0
aeoess,0,1,1,0,0,0,0,1,0,0,0,0,0,0,0,0,0,0,0
agenttrust,0,0,0,0,0,0,1,0,0,0,0,0,0,0,0,0,0,0,0
aglicacha,0,0,0,1,0,0,0,0,0,0,1,0,0,1,0,1,1,2,0
ahoblitz,0,0,0,0,0,0,0,0,0,0,0,0,2,0,0,0,0,0,0
ai-boost,0,0,0,0,0,2,6,0,0,0,0,0,0,0,0,0,0,2,0
aiagentexpert,0,0,1,0,0,0,0,0,0,0,0,0,0,0,0,0,0,0,0
aickin,0,1,0,0,0,0,1,1,0,0,0,0,0,0,0,0,0,4,0
aimable100,0,0,0,0,0,0,0,2,0,0,0,0,0,0,0,0,0,0,0
ajaynagotha,0,0,2,0,0,0,1,0,0,0,0,0,0,0,0,0,0,0,0
ajoslin103,0,0,0,0,0,0,0,0,0,1,0,0,0,0,0,0,1,0,0
akdong91,0,0,0,0,0,0,0,0,0,0,0,0,0,0,0,0,0,1,0
akintunca,0,0,0,0,1,0,0,0,0,0,0,0,0,0,0,0,0,0,0
akshaykokane,0,0,0,0,0,2,0,0,0,0,0,0,0,0,0,0,0,0,0
alain-sv,0,0,1,0,0,0,0,0,0,0,0,0,0,0,0,0,0,0,0
alan-silverstreams,0,0,2,0,0,0,0,1,0,0,0,0,0,0,0,0,0,0,0
alantriesagain,0,0,0,0,1,0,0,0,0,0,0,0,0,0,1,0,0,0,0
alanyst,0,0,0,1,0,0,0,0,0,0,0,0,0,0,0,0,0,2,0
alexbainbridge,0,1,0,0,0,0,0,0,0,0,0,0,0,0,0,0,0,0,0
alexec,0,0,1,2,0,1,0,0,0,3,1,0,0,0,0,1,2,4,0
alextibbles,0,0,0,0,0,0,0,2,0,0,0,0,0,0,0,0,0,0,0
ali-0407,0,0,0,0,0,0,0,0,1,0,0,0,0,0,0,0,0,0,0
alinaqi,0,0,0,0,0,0,0,0,0,0,0,0,0,0,0,0,1,0,0
amin-nikanjam,0,0,0,0,0,0,0,0,0,0,0,0,1,0,0,0,0,0,0
amye,3,0,0,0,0,2,16,1,2,1,0,0,0,22,3,0,0,2,1
andorsk,0,0,0,0,0,1,0,0,0,0,0,0,0,1,0,0,0,0,0
andreibesleaga,0,0,0,0,2,0,0,0,1,0,0,0,1,0,0,0,0,0,0
andrewdavidmackenzie,0,0,0,0,0,0,1,0,0,0,0,0,0,0,0,0,1,0,0
andy1213aa,0,0,0,0,0,0,0,0,0,0,0,0,0,0,0,0,0,0,1
anjanas,0,0,0,0,0,0,0,1,0,0,1,0,0,0,0,0,0,0,0
annicode01,0,0,0,0,0,0,0,0,0,0,0,0,0,0,3,0,0,0,0
architectureofthings,0,0,1,0,0,0,0,0,1,0,0,0,1,1,0,0,0,0,0
arislan-lilo,0,0,0,0,0,3,1,0,0,0,0,0,0,0,0,0,0,0,0
arunim1,0,0,0,0,0,0,0,1,0,0,0,0,0,0,0,0,0,1,0
ashubham,0,0,0,0,0,1,0,0,0,0,0,0,0,0,0,0,0,0,0
ashwin63,0,0,0,0,0,0,0,0,0,0,0,0,0,0,0,0,1,0,0
austin-tral,0,0,0,1,0,0,0,0,0,0,0,0,0,0,0,0,0,0,0
austinmyc,0,0,0,0,0,0,0,0,0,0,1,0,0,0,0,0,0,0,0
automateyournetwork,0,0,0,0,0,0,1,0,0,0,0,0,0,0,0,0,0,0,2
awickham10,0,0,0,0,0,0,0,0,1,0,0,0,0,0,0,0,0,1,0
azyobuzin,1,0,0,0,0,0,0,0,0,0,0,0,0,0,0,0,0,1,0
barnendu,0,0,0,0,0,0,0,0,0,0,0,0,2,0,0,0,0,0,0
batprem,0,0,1,0,0,0,0,0,0,0,0,0,0,0,0,0,0,0,0
beauduffy,0,0,0,0,0,0,0,0,0,0,0,0,0,0,1,0,0,0,0
benclarkeio,0,0,2,1,1,2,2,0,0,0,1,0,1,0,0,1,1,0,0
beonde,0,2,0,0,0,0,1,3,0,1,0,1,0,0,0,1,0,0,0
bgauryy,0,1,0,0,0,0,0,1,0,0,0,0,0,0,0,0,0,0,0
bigmac7,0,0,1,0,0,0,0,0,0,0,0,0,0,0,0,0,0,0,0
binbandit,1,0,0,0,0,0,5,0,0,0,0,0,0,0,0,0,0,0,4
birdayz,0,0,0,0,0,0,0,0,0,0,0,0,0,0,0,1,0,0,0
bittr-oss,2,0,0,0,0,0,0,0,0,0,0,0,0,0,0,0,0,0,0
bkowal,1,0,0,0,0,1,0,0,0,0,0,0,0,0,0,0,0,0,0
blakebrannon,0,0,0,0,0,0,0,0,0,0,0,0,0,0,0,0,1,0,0
blkt,0,0,0,0,0,0,0,0,0,0,0,0,0,0,0,0,0,5,0
bobtista,0,0,0,0,0,0,0,0,2,0,0,0,1,0,0,0,3,2,0
borisalekseev,0,0,0,0,0,0,0,0,1,0,0,0,0,0,0,0,0,0,0
bparees,0,0,0,0,0,0,0,0,0,0,0,0,0,0,0,0,0,2,0
brasseld,0,0,0,0,0,0,0,0,0,1,0,0,0,0,0,0,0,0,0
brunogrbavac,0,0,0,0,0,0,1,0,0,0,0,0,1,0,0,0,0,0,0
brycewcole,0,0,0,0,0,0,1,0,0,0,0,0,0,0,0,1,0,0,2
buddha314,0,0,0,0,0,1,0,0,0,0,0,0,0,0,1,0,0,0,0
bufdev,0,0,0,0,0,0,0,0,0,0,0,0,0,0,1,0,0,0,0
bustosjuan,0,0,0,0,1,0,0,0,0,0,0,0,0,0,0,0,0,0,0
c-mysec,0,0,1,0,0,1,0,0,9,0,1,0,0,0,1,0,1,0,0
cardioailive1,0,0,0,0,0,0,1,0,0,0,0,0,0,0,0,0,0,0,0
carlesarnal,0,0,0,0,0,0,0,0,0,0,0,0,0,0,0,0,0,1,0
cciwami,0,0,0,0,0,0,0,0,0,0,0,0,0,0,0,0,0,1,0
cdavernas,0,0,5,0,2,0,1,0,0,0,1,0,0,1,0,0,0,1,0
chendatony31,0,0,1,0,0,0,0,0,0,0,0,0,0,0,0,0,0,0,0
chenglin130,0,0,0,0,0,0,0,0,1,0,0,0,0,0,0,0,0,0,0
chicogong,0,0,0,0,1,0,0,0,0,0,0,0,0,0,0,0,0,0,0
chitra-venkatesh,0,0,0,0,0,1,2,0,0,0,0,0,0,0,0,0,0,0,0
chl1123,0,0,0,0,0,0,0,0,0,0,0,0,0,0,1,0,0,0,0
chorghemaruti64-creator,1,5,14,0,0,0,0,14,1,9,0,0,0,0,0,0,3,1,0
cj2a7t,0,0,0,0,0,0,0,0,1,0,0,0,0,0,0,0,0,0,0
cled,0,0,0,0,0,0,0,0,0,0,0,0,0,0,0,0,0,0,1
clintwar,0,0,0,0,0,0,0,1,0,0,0,0,0,0,0,0,0,0,0
codefromthecrypt,0,0,0,0,0,1,0,0,0,0,1,0,0,1,1,0,0,1,0
connyay,0,0,0,0,0,0,0,0,0,0,0,0,0,0,0,0,0,1,0
coyotwill,1,0,0,0,0,0,0,0,0,0,0,0,0,0,0,0,0,0,0
ctorrao,0,0,0,0,0,0,0,0,0,0,0,0,0,0,1,0,0,0,0
daavoo,1,0,0,0,1,0,2,0,0,0,0,0,0,0,2,0,0,0,0
daltonnyx,0,0,3,0,0,0,0,0,0,0,0,0,0,0,0,0,1,0,1
danbri,0,0,0,0,0,0,0,1,0,0,0,0,0,0,0,0,0,1,0
danja,0,0,0,0,0,0,0,0,1,0,0,0,0,0,0,0,1,0,0
darkhaniop,11,1,0,0,2,9,12,1,1,2,6,3,0,2,4,0,1,5,8
darrelmiller,62,6,11,17,5,26,9,6,16,12,17,2,2,32,4,11,1,43,8
dasiths,0,0,2,0,0,0,0,0,0,0,0,0,0,0,0,0,0,0,0
davidlivekoo2012,0,0,0,0,0,0,0,0,0,0,0,0,0,0,1,0,0,0,6
davrous,0,0,0,0,0,0,0,0,0,0,0,0,1,0,0,0,0,0,0
dayuyang1999,0,0,0,0,0,1,0,0,0,1,0,0,0,0,0,0,1,0,0
dbkalaria,0,0,0,0,0,0,0,0,0,0,0,0,0,0,0,0,1,0,0
dchrty,0,0,0,0,0,0,1,0,0,0,0,0,0,0,0,0,0,0,1
decode-mayank,0,0,1,0,0,0,0,0,0,0,0,0,0,0,0,0,0,1,0
deepakskhetwal,0,0,3,0,0,0,0,0,0,0,0,0,0,0,0,0,0,0,0
developer-dexwox,0,0,0,0,1,0,0,0,0,0,0,0,0,0,0,0,0,0,0
devsodhirao,0,0,0,0,0,0,0,1,0,0,0,0,0,0,0,0,0,0,0
dfdumaresq,0,0,0,0,0,0,0,6,0,0,0,0,0,0,0,0,0,0,0
dgenio,0,0,0,0,1,1,0,0,0,1,1,1,0,0,0,1,1,2,2
dhaan-ish,0,0,0,0,0,0,0,0,0,0,0,0,0,0,0,0,0,1,0
dhdanie,0,0,0,0,0,0,0,0,0,0,0,0,0,0,0,0,1,3,0
dibenedetto,0,0,0,0,0,0,0,0,0,0,0,0,1,0,0,0,0,0,0
didier-durand,0,1,0,1,1,2,2,0,0,0,0,1,1,1,10,0,0,1,5
dinesh707,1,0,1,0,0,0,1,0,4,0,0,0,0,0,0,0,0,1,0
djsamseng,1,0,0,1,5,4,4,0,0,0,0,0,1,0,0,0,0,1,1
dmandar,2,6,0,0,1,3,1,1,0,4,1,0,1,0,3,0,0,2,0
dongyunpeng-sjtu,0,0,0,0,0,0,0,0,0,0,0,0,0,0,0,0,0,0,1
douglasborthwick-crypto,0,0,0,0,0,0,0,10,0,0,0,0,0,0,0,0,0,0,0
ducknificient,0,0,0,0,0,0,2,0,0,0,0,0,0,0,0,0,0,1,0
dukeren,0,0,0,0,0,0,0,0,0,0,0,0,0,0,1,0,0,0,0
dylang,0,0,0,0,0,0,0,0,0,1,0,0,0,0,0,0,0,0,0
e1327906,1,0,0,0,0,0,0,0,0,0,0,0,0,0,0,0,0,0,0
edenreich,1,0,1,4,1,1,5,0,0,0,2,0,0,0,1,1,0,9,0
egor-baranov,0,0,2,0,0,1,0,0,0,1,1,0,0,0,0,0,0,1,2
ehsavoie,1,0,0,0,0,0,0,0,0,0,1,0,0,0,0,0,0,2,1
eilon-shai,0,0,0,0,0,1,0,0,0,0,0,0,0,0,0,0,1,0,0
ekzhu,0,0,0,0,0,1,0,0,0,0,0,0,0,0,0,0,0,0,0
elCaptnCode,0,0,0,0,0,0,2,0,0,0,0,0,0,0,0,0,0,0,0
electrocucaracha,0,0,0,0,1,0,0,0,0,0,0,0,0,0,0,0,0,0,0
elevenarms,0,0,0,0,0,0,0,0,0,0,0,0,0,0,1,0,0,0,0
eli-osherovich,0,0,0,0,0,0,0,0,0,0,0,0,0,0,0,0,0,3,0
ericksonc,0,1,0,0,0,0,0,0,0,0,0,0,0,0,0,0,0,0,0
ethlaude,0,0,0,0,0,0,0,0,0,0,0,0,0,0,0,0,0,1,0
everettVT,0,0,2,1,0,1,0,0,0,0,0,0,0,0,0,0,0,0,0
f,0,0,0,1,0,0,0,0,0,0,0,0,0,0,0,0,0,0,0
fapont,0,0,0,0,0,0,0,0,0,0,0,0,1,0,0,0,0,0,0
felix-schultz,0,0,0,0,0,0,0,0,0,0,0,0,0,0,0,0,0,0,1
fernando-torres-blip-ai,0,0,0,0,0,0,0,0,0,1,0,0,0,0,0,0,0,0,0
fhinkel,0,0,0,0,0,0,0,0,0,0,0,0,0,0,0,0,0,0,1
fjuma,0,0,0,0,0,3,0,0,1,0,0,0,0,0,0,0,0,0,0
flex-myeonghyeon,0,0,0,0,2,0,0,0,0,0,0,0,0,0,0,0,0,0,0
flystar32,0,0,0,0,0,0,0,0,0,0,0,0,0,0,1,0,0,0,0
freedeaths,0,0,0,0,0,0,0,0,0,0,0,0,0,0,0,0,1,0,0
fryfry33,0,0,0,0,0,0,0,0,0,0,0,0,0,0,0,0,0,1,0
fwklucznik,0,0,0,0,0,0,0,0,0,0,0,0,0,0,0,0,1,0,0
gNtino,1,0,0,0,0,0,0,0,0,0,0,0,0,0,0,0,3,1,0
gabayben,0,0,0,0,0,0,0,0,1,0,0,0,0,0,0,0,0,0,0
gagb,0,0,0,0,1,3,0,0,0,0,0,0,0,0,0,0,0,0,0
gate4ai-alex,0,0,0,0,0,0,0,0,0,0,0,0,0,0,0,0,0,0,1
geneknit,0,0,0,0,0,0,0,0,0,0,1,0,0,0,0,0,0,0,0
ghostdoglzd,0,0,0,0,0,1,0,0,0,0,0,0,0,0,0,0,0,0,0
gianpaj,0,0,0,0,0,0,0,0,0,0,0,0,0,0,0,0,1,0,0
gijswalraven,2,0,0,0,1,7,0,0,0,0,0,0,1,0,0,0,0,3,1
gilamsalem,0,0,0,0,0,0,0,0,0,0,0,0,0,0,0,0,0,2,0
giovanni-velais,0,0,0,0,0,0,0,0,0,0,0,0,0,0,0,0,0,1,0
git-vote,5,2,0,1,0,2,0,0,1,0,1,0,0,12,0,0,0,1,0
glushenkovIG,0,0,0,0,0,0,0,0,0,0,0,0,1,0,0,0,0,0,0
gpanakkal,0,0,0,0,0,0,0,0,0,0,1,0,0,0,0,0,0,0,1
graemefoster,0,0,0,2,0,1,0,0,0,0,0,0,0,0,0,0,0,0,0
gregboero,0,1,0,0,0,0,0,0,2,0,0,0,0,0,0,0,0,0,0
grll,0,0,0,0,0,0,0,0,0,0,0,0,1,0,0,0,3,1,0
gspencergoog,0,0,0,0,0,0,0,0,0,0,0,0,0,0,0,0,0,1,0
gstudiogdesigns-max,0,0,0,0,0,0,0,1,0,0,0,0,0,0,0,0,0,0,0
guglielmo-san,0,0,0,0,1,0,0,0,3,0,2,0,0,0,0,0,0,1,1
gulercan,0,0,0,0,0,0,0,1,0,0,0,1,0,0,0,0,0,0,0
gvdongen,0,0,0,0,0,1,0,0,0,0,0,0,1,0,0,0,0,0,0
gyliu513,0,0,0,0,0,0,0,0,0,0,0,0,0,0,1,0,0,0,0
hamidra,0,0,0,0,0,0,0,0,0,1,0,0,0,0,0,0,0,0,0
hammadtq,0,0,0,0,0,0,0,0,0,0,0,0,1,0,0,0,0,0,0
harrigan,0,0,0,0,0,0,0,0,0,0,0,0,0,0,0,0,0,1,0
harris2012,0,0,0,0,0,0,0,0,0,0,0,0,0,0,0,0,0,0,1
haxudev,0,0,0,0,0,1,0,0,0,0,0,0,0,0,0,0,0,0,0
heiko-hotz,0,0,1,0,0,0,0,0,0,0,0,0,0,0,0,0,0,0,0
herczyn,10,0,0,3,0,0,1,0,1,3,4,0,0,1,1,0,0,2,2
hieuminh65,0,0,0,0,1,0,0,0,0,0,0,0,0,1,0,0,0,0,0
hkmo99,0,0,0,0,0,0,0,0,0,0,0,0,0,0,0,2,0,0,0
hmk,0,0,0,0,0,0,0,1,0,0,0,0,0,0,0,0,0,0,0
holtskinner,44,3,4,5,30,92,69,1,4,13,18,10,9,38,22,1,3,22,7
hoonji,0,0,0,0,0,0,0,0,1,0,1,0,0,0,0,0,0,0,0
hotdogarea,0,0,0,0,0,0,0,0,0,0,0,0,0,0,0,0,1,1,0
howientc,0,0,0,0,0,0,0,0,0,0,1,0,0,0,0,0,0,0,0
htondro,0,0,0,0,0,0,0,0,0,0,0,0,0,0,0,0,0,0,1
hugo-romero-mm,0,0,0,0,0,0,1,0,0,0,0,0,0,0,0,0,0,0,0
hujiulong,0,0,0,1,0,0,0,0,0,0,0,0,0,0,0,0,0,0,0
humuhimi,0,0,0,0,0,0,0,0,0,0,0,0,0,0,0,0,0,1,0
iFurySt,0,0,0,0,0,0,0,0,0,0,0,0,0,0,0,0,0,1,0
iamrajiv,0,0,0,0,1,0,0,0,1,0,0,0,0,0,0,0,0,0,0
ibrahimokuyucu,0,1,0,0,0,0,0,3,0,0,0,0,0,0,0,0,0,0,0
idagelic,0,0,0,0,1,0,0,0,0,0,0,0,0,0,0,0,0,0,0
ieb,0,0,1,0,0,0,0,0,0,0,0,0,0,0,0,0,0,0,0
iliesicatrinel,1,0,0,0,0,2,0,0,1,0,0,0,0,0,0,0,0,0,2
imfing,0,0,0,0,0,0,0,0,0,0,0,0,0,0,1,0,0,0,0
imran-siddique,0,0,0,0,0,0,8,17,0,0,0,0,0,2,0,0,0,0,0
inesmcm26,0,0,0,2,0,0,0,0,0,1,4,0,0,1,1,0,0,0,0
ipapapa,0,0,0,0,0,0,0,0,1,0,0,0,0,0,0,0,0,0,0
irshadnilam,0,0,0,0,2,0,0,0,0,0,0,0,0,0,0,0,0,1,0
ishymko,3,0,0,0,0,4,1,0,0,0,0,0,0,0,5,0,0,3,0
izzymsft,10,0,2,1,0,6,2,1,2,0,2,0,0,1,0,0,0,3,3
jackwotherspoon,0,0,0,0,0,2,0,0,0,0,0,0,0,0,0,0,0,0,0
jamesarmenta,0,0,0,0,0,0,0,0,0,0,1,0,0,0,0,0,0,0,0
jamesev15,1,0,0,0,0,0,0,0,0,0,0,0,0,0,0,0,0,0,0
jamesfebin,0,0,0,0,0,0,0,0,0,0,0,0,0,0,0,1,0,0,0
jankrynauw,0,0,0,0,0,0,0,0,0,0,1,0,0,0,0,0,0,0,0
jaredrsommer,0,0,0,0,0,0,0,0,0,0,0,0,0,0,0,0,0,0,1
jasonmadigan,0,0,0,0,0,0,0,0,1,0,0,0,0,0,0,0,0,0,0
jeanibarz,0,0,0,0,0,0,1,0,0,0,0,0,0,0,1,0,0,0,0
jebinj22,0,0,2,0,0,2,1,0,0,0,0,0,0,0,0,0,0,1,0
jeff-nasseri,0,0,0,0,1,0,0,0,0,0,0,0,0,0,0,0,0,0,0
jeletor,0,0,1,0,0,0,0,0,0,0,0,0,0,0,0,0,1,0,0
jenish2917,0,0,1,0,0,0,1,0,0,0,0,0,0,0,0,0,0,0,0
jerlyjelly,0,0,0,0,0,0,0,0,0,0,0,0,0,0,0,0,0,0,1
jeromemassot,0,0,0,0,0,0,0,0,0,1,0,0,0,0,0,0,0,0,0
jesuino,0,0,0,0,0,0,1,0,0,0,0,0,0,0,0,0,0,0,0
jfabend,0,0,0,0,0,1,0,0,0,0,0,0,0,0,0,0,0,0,0
jkfnc,0,0,0,0,0,0,0,0,0,0,0,0,0,0,1,0,0,0,0
jland-redhat,0,0,0,0,0,3,1,0,0,0,0,0,0,0,4,0,0,0,0
jlestebanbenu,0,0,0,0,0,0,0,0,0,0,0,0,0,0,0,0,0,1,0
jlfolland,0,1,0,0,0,0,0,0,0,0,0,0,1,0,0,0,0,0,0
jmandel,1,0,0,0,0,0,1,0,0,1,1,0,0,0,0,1,0,4,0
jmesnil,0,0,0,0,0,0,1,1,1,2,0,0,0,0,0,0,0,1,0
jmracek,1,0,0,0,0,0,0,0,0,0,0,0,0,0,0,0,0,0,0
jnapper7,0,0,0,0,0,0,0,0,0,1,0,0,0,0,0,0,0,0,0
joaovilker,0,0,0,0,0,0,0,0,0,0,0,0,0,0,0,0,0,1,0
jocelynh-microsoft,1,0,0,0,0,0,0,0,0,0,1,0,0,0,0,0,0,1,0
joepvgenuchten,0,0,0,0,0,0,0,0,0,1,0,0,0,0,0,0,0,0,0
joevidev,0,0,0,0,0,2,0,0,0,0,0,0,0,0,0,0,0,0,0
johnson7788,0,0,0,1,0,0,0,0,0,0,0,0,2,0,0,0,0,0,0
jokemanfire,0,0,0,0,1,0,1,0,0,0,0,0,0,0,0,0,0,0,0
jonigl,0,0,0,0,0,0,0,0,0,0,0,0,0,0,0,0,0,0,6
joshhalley,0,0,1,0,0,0,1,0,0,0,0,0,0,1,0,0,0,0,0
joshua-mo-143,0,0,0,0,0,0,0,0,0,0,0,0,1,0,0,0,0,0,0
jowpurcinelli,0,0,0,0,0,0,0,0,0,0,0,0,0,0,0,1,0,0,0
jpandrade30,0,0,0,0,0,0,0,0,0,0,0,1,0,0,0,0,0,0,0
jrcks67,0,0,0,0,0,1,0,0,0,0,0,0,0,0,0,0,0,0,0
jsahil,0,0,0,0,0,0,0,0,0,0,0,0,2,0,0,0,0,0,0
jtanningbed,0,0,0,0,0,1,1,0,0,0,0,0,0,0,0,0,0,0,0
justfalter,2,0,0,0,0,0,0,0,0,0,0,0,0,0,0,0,0,5,0
justin-octo,0,0,0,0,0,0,0,1,0,0,0,0,0,0,0,0,0,0,0
jwson-automation,0,0,0,0,0,1,0,0,0,0,0,0,0,0,0,0,0,0,0
k-jarzyna,0,0,0,0,0,0,0,0,0,0,0,0,1,0,0,0,0,0,0
kabir,1,0,0,0,0,2,0,0,0,0,0,0,0,0,1,0,0,2,0
kadirpekel,0,0,0,0,0,0,1,0,0,0,0,0,0,0,0,0,0,0,0
kay-schmitteckert,1,0,0,0,0,0,0,0,0,0,0,0,0,0,0,0,0,0,0
kdenhartog,0,0,0,0,0,0,0,2,0,0,0,0,0,0,0,0,0,1,0
kedoska,0,0,0,0,0,0,0,0,0,0,0,0,0,0,0,0,0,1,0
keenranger,0,0,0,1,0,0,0,0,0,0,0,0,0,0,0,0,0,0,0
kenhuangus,0,0,1,0,0,0,0,0,0,0,0,0,0,0,0,0,0,0,0
kibitzing,0,0,0,0,0,0,0,0,0,0,0,0,0,0,0,0,0,0,1
kimehdgns,0,0,1,0,0,0,0,0,0,0,0,0,0,0,0,0,0,0,0
kimsr96,0,0,0,0,0,0,0,0,0,0,0,0,0,0,0,0,0,0,1
kirmorozov,0,0,0,0,0,0,0,0,0,0,0,0,0,0,0,0,1,0,0
kkgupta-github,0,0,0,0,0,1,0,0,0,0,0,0,0,0,0,0,0,0,0
knuckles-stack,0,2,0,0,0,0,0,0,0,0,0,0,0,0,0,0,0,0,0
koteswaran2186,0,0,0,0,0,0,0,0,0,0,0,0,0,0,0,0,0,0,1
koverholt,0,0,0,0,0,12,0,0,0,0,0,0,0,0,0,0,0,0,0
kpavlov,0,0,0,0,0,0,1,0,0,0,0,0,0,0,0,0,0,0,0
krebznet,0,0,0,0,1,0,0,0,0,0,0,0,0,0,0,0,0,0,0
kshitizz36,0,0,0,0,0,1,0,0,0,0,0,0,0,0,0,0,0,0,0
kthota-g,10,2,15,7,1,13,18,0,3,10,8,1,1,2,5,1,3,13,11
kubni,0,0,0,0,0,1,0,0,0,0,0,0,0,0,0,0,0,0,0
kukuyuhai,0,0,0,0,0,0,0,0,0,0,0,0,0,0,1,0,0,0,0
kuldeepjain-bitcot,0,0,0,0,0,0,0,0,0,0,0,0,1,0,0,0,0,0,0
kumar-dhanagopal,0,0,0,0,0,0,0,0,0,0,0,0,0,0,1,0,0,0,0
kurt-r2c,0,0,0,0,0,0,1,1,0,0,0,0,0,0,0,0,0,0,0
kyleacmooney,0,0,0,0,0,0,0,0,0,0,0,0,0,0,0,0,1,1,0
lahlfors,0,0,0,0,0,0,0,0,0,0,0,0,0,0,0,0,1,0,0
lalrow,0,0,1,0,1,0,0,0,0,0,0,0,0,0,0,0,0,0,0
lambochen,0,0,0,0,0,0,0,0,0,0,0,0,0,0,0,0,0,2,0
laurentsimon,0,0,0,1,0,1,0,5,1,0,0,0,0,0,0,0,0,0,0
leavez,0,0,0,1,0,0,0,0,0,0,0,0,0,0,0,0,0,0,0
lerhaupt,1,0,0,0,0,0,0,0,0,0,0,0,0,0,0,0,0,0,0
lexi-k,0,0,0,0,0,0,0,0,0,0,0,0,1,0,0,0,0,1,0
liar666,0,0,0,0,0,0,0,0,0,0,0,0,0,0,0,0,1,0,0
lifieai,0,0,1,0,0,0,0,0,0,0,0,0,0,0,0,0,0,0,0
lindsaydsgdnolan-eng,0,0,2,0,0,0,0,0,0,0,0,0,0,0,0,0,0,0,0
liuming-dev,0,0,1,0,0,0,0,0,0,0,0,0,0,0,0,0,0,0,0
liuzengh,0,0,1,0,0,0,2,0,0,0,0,0,0,0,0,0,0,0,0
lj-raidiam,0,0,0,0,0,0,0,1,0,0,0,0,0,0,0,0,0,0,0
lkawka,2,0,0,1,2,1,0,0,0,0,2,0,0,1,0,0,0,1,0
logan-markewich,0,0,0,0,0,1,2,0,0,0,0,0,1,0,2,0,0,0,0
logan272,0,1,0,0,0,0,1,0,1,0,2,0,0,0,0,0,0,2,4
loganaden,0,0,0,0,0,0,0,0,2,0,0,0,0,0,0,0,0,0,0
loganwolfe-ims,0,0,0,0,0,0,0,1,0,0,0,0,0,0,0,0,0,0,0
lorenzocipriani-huawei,0,0,2,0,0,0,0,1,0,0,0,0,0,0,0,0,1,0,0
lrosenthol,0,0,0,0,0,0,0,0,2,0,0,0,0,0,0,0,0,0,0
lucamontin,0,0,0,0,0,0,0,0,0,0,0,0,1,0,0,0,0,0,0
lukaszkostrzewa,1,0,0,0,0,0,0,0,0,0,0,0,1,0,0,0,0,0,0
lukehinds,0,3,2,1,3,0,5,3,0,3,1,0,0,1,0,1,3,3,0
luyiourwong,0,0,0,0,0,0,0,0,0,0,0,0,0,0,0,0,0,1,0
madankumarpichamuthu,12,0,0,1,0,3,1,0,0,1,1,0,0,0,0,0,0,0,4
maeste,5,0,0,6,0,1,3,0,4,0,2,2,0,0,0,0,0,4,3
mahghappy,0,0,0,0,0,0,0,0,0,0,0,0,0,0,0,0,0,1,0
mandle420,0,0,0,0,0,1,0,0,0,0,0,0,0,0,0,0,0,0,0
manja316,0,0,0,0,0,0,0,1,0,0,0,0,0,0,0,0,0,0,0
manojk0303,0,0,0,0,0,1,0,0,0,0,0,0,0,0,0,0,0,0,0
manojsharmadcx,0,0,0,0,1,0,0,0,0,0,0,0,0,0,0,0,0,1,0
marelab,0,0,0,0,0,0,0,0,0,0,0,0,0,0,0,0,0,2,0
marianogonzalez,0,0,0,0,0,0,0,0,0,0,0,0,0,0,0,0,0,2,0
marketmaker4enterprise,0,1,0,0,0,0,0,0,0,0,0,0,0,0,0,0,0,0,0
markgoho,0,0,0,0,0,0,0,0,0,0,1,0,0,0,0,0,0,0,0
marksal87,0,0,0,0,0,0,0,0,0,0,0,0,1,0,0,0,0,0,0
martimfasantos,0,0,0,0,0,1,0,0,0,0,0,0,0,0,0,0,0,0,0
matoushavlena,0,1,0,1,0,1,2,0,0,0,3,0,0,0,0,2,0,4,0
matsk-sinch,0,0,0,0,0,0,0,0,0,0,0,0,0,0,0,0,0,0,1
maxbrokman,0,0,0,0,0,0,0,0,0,0,0,0,1,0,0,0,0,0,0
maxekman,0,0,0,0,3,0,0,0,0,0,0,0,0,0,0,0,0,0,0
mbleigh,0,0,0,0,0,0,0,0,0,0,0,0,0,0,0,0,0,1,0
mcglabs,0,0,0,1,0,0,0,0,0,1,1,0,0,0,0,0,0,2,0
mclenhard,0,0,0,0,0,0,1,0,0,0,0,0,0,0,0,0,0,0,0
mdii,0,0,0,1,0,0,0,0,0,0,0,0,0,0,0,0,0,1,0
meetrais,0,0,0,0,0,1,0,0,0,0,0,0,0,0,0,0,0,0,2
meguminnnnnnnnn,0,0,0,1,0,0,0,0,0,0,0,0,0,0,0,0,0,1,0
melvinjlobos,0,0,0,0,0,1,0,0,0,0,0,0,0,0,0,0,0,0,0
mempirate,0,0,0,0,0,0,0,0,0,0,0,0,1,0,0,0,0,0,0
mescaja,0,0,0,0,0,0,0,0,0,0,0,0,0,0,0,1,0,0,0
michelschep,0,0,0,0,0,0,0,0,1,0,0,0,0,0,0,0,0,3,0
mihaimaruseac,0,0,0,0,0,0,0,4,0,0,0,0,0,0,0,0,0,1,0
mikeas1,16,5,2,4,2,6,3,4,5,7,7,0,0,3,2,2,0,6,0
mikeedjones,0,0,0,0,0,0,0,0,0,0,0,0,0,0,1,0,0,0,0
mikeromano38,0,0,0,0,0,0,0,0,0,0,0,0,0,0,0,0,0,1,0
mikesir87,0,0,0,0,0,1,0,0,0,0,0,0,0,0,0,0,0,0,0
mikestaub,0,0,0,0,0,0,0,0,0,0,0,0,0,0,0,0,1,0,0
mikumifa,0,0,0,0,0,0,1,0,0,2,0,0,0,0,0,0,0,0,0
mindpower,0,0,3,0,0,0,2,0,0,0,0,0,0,0,0,0,0,0,0
mjunaidca,0,0,0,0,0,0,0,0,2,0,0,0,0,0,0,0,0,0,0
mkschreder,0,0,0,0,0,0,0,0,0,0,0,0,0,0,0,0,0,1,0
moonbox3,1,0,0,0,8,1,6,0,0,0,0,0,1,1,0,0,1,0,4
mprynce,0,1,0,0,0,0,0,0,0,0,0,0,0,0,0,0,0,0,0
mr-spaghetti-code,0,0,0,0,0,0,0,0,0,0,0,0,0,1,0,0,0,0,0
mrorigo,0,0,0,1,0,0,1,0,0,0,0,0,0,0,0,0,0,0,0
msardara,0,2,0,0,0,0,0,0,1,0,1,0,0,0,0,0,0,0,0
mskadu,0,0,0,0,0,0,0,0,0,0,0,0,0,0,1,0,0,0,0
mukteshkrmishra,0,0,0,0,0,0,0,0,0,1,0,0,0,0,0,0,0,1,0
muscariello,4,0,1,0,1,3,3,1,4,0,5,3,0,7,4,0,0,1,1
muthub-ai,0,0,0,0,0,1,1,0,0,0,1,0,0,0,0,0,0,0,0
mvakoc,0,0,0,0,0,2,4,0,0,0,0,0,0,0,0,0,0,0,0
mycosavant,0,0,0,0,0,0,0,0,0,0,0,0,0,0,0,0,1,0,0
n1lanjan,0,0,0,0,0,1,0,0,0,0,0,0,0,0,0,0,0,0,1
nahapetyan-serob,0,0,0,0,0,0,0,0,0,0,0,0,0,0,0,0,0,1,0
nandrews729,0,0,0,0,0,0,0,0,0,1,0,0,0,0,0,0,0,0,0
nembal,0,0,0,0,0,0,0,1,0,0,0,0,0,0,0,0,0,0,0
neoUltra-66,0,0,0,0,0,0,0,0,0,0,0,0,0,0,1,0,0,0,0
nerunja,0,0,0,0,0,0,0,0,0,0,0,0,0,0,1,0,0,0,0
nextpulse,0,0,0,0,0,0,1,0,0,0,0,0,0,0,0,0,0,0,0
nicholasbreckwoldt,0,0,0,0,0,0,1,0,0,0,0,0,0,0,0,0,0,0,0
nickossdev,0,0,0,0,0,2,0,0,0,0,0,0,0,0,0,0,0,0,0
nidhi-pathak,1,0,0,0,0,0,0,0,0,0,0,0,0,0,0,0,0,0,0
niguowei44,0,0,1,0,0,0,0,0,0,0,0,0,0,0,0,0,0,0,2
nikhilmaddirala,0,0,0,0,0,0,0,0,0,0,0,0,0,0,0,0,1,0,0
nithin-nk,0,0,1,0,0,0,0,0,0,0,0,0,0,0,0,0,0,0,0
nitin737,0,0,0,0,0,1,0,0,0,0,0,0,0,0,0,0,0,0,0
no7dw,0,0,1,0,0,0,0,0,0,0,0,0,0,0,0,0,0,0,0
nvcnvn,0,0,0,0,0,0,0,0,0,0,0,0,0,0,0,0,0,1,0
oabdelkarim,0,0,0,0,0,1,0,0,0,0,0,0,0,0,0,0,0,0,0
ognis1205,3,1,50,0,3,2,17,1,1,7,5,3,0,2,8,0,3,28,0
olileger,0,0,0,0,1,0,0,0,0,0,0,0,0,0,0,0,0,0,0
oliverlabs,0,1,0,0,0,0,6,0,0,0,0,0,0,1,2,0,0,1,2
omkar-12bits,0,0,0,1,0,0,0,0,0,0,0,0,0,0,0,0,0,1,0
one-kash,0,1,0,0,0,0,0,0,0,0,0,0,0,0,0,0,0,0,0
oopslink,0,0,0,0,0,0,0,0,0,0,0,0,0,0,0,0,0,3,0
openaitx-system,0,0,0,0,0,1,0,0,0,0,0,0,0,0,0,0,0,0,0
ossfellow,0,0,0,0,0,0,0,0,0,0,0,0,0,0,0,0,0,1,0
palladius,0,0,0,0,0,1,1,0,0,0,0,0,0,0,0,0,0,1,3
paparth,0,1,0,0,0,0,0,0,0,0,0,0,0,0,0,0,0,0,0
pascal910107,0,0,0,0,1,1,0,0,0,0,0,0,0,0,1,0,0,0,0
patwhite,1,0,0,2,0,1,0,2,0,1,1,0,1,0,0,0,1,0,0
patwlan,0,0,0,0,2,0,0,0,0,0,0,1,0,0,0,0,0,1,0
pauldotknopf,0,0,0,0,0,0,0,0,0,0,1,0,0,0,0,0,0,0,0
pausanchez,0,0,0,0,0,0,0,0,0,1,0,0,0,0,0,0,0,0,0
pavankumarleo,0,0,0,0,0,0,0,0,0,1,0,0,0,0,0,0,0,0,0
pavelgj,0,0,0,0,0,0,1,0,0,0,0,0,0,0,0,0,0,0,0
pcingola,0,0,0,0,2,0,0,0,0,0,0,0,0,0,0,0,0,0,0
perfectspr,0,0,0,0,0,0,0,0,0,0,0,0,0,0,0,1,0,0,0
peterwang2013,0,0,0,0,0,0,1,0,0,0,0,0,1,0,0,0,0,0,0
phillipgibson,0,0,0,0,0,1,0,0,0,0,0,0,0,0,0,0,0,0,0
pilartomas,0,0,0,0,0,0,0,0,0,0,0,0,0,0,0,1,0,0,0
pinchwork,0,0,0,0,0,0,1,0,0,0,0,0,1,0,0,0,0,0,0
pointhalo,0,0,0,0,1,0,0,0,0,0,0,0,0,0,0,0,0,0,0
postbird,0,0,0,0,0,2,0,0,0,0,0,0,0,0,0,0,0,0,0
powmax-commits,0,0,0,0,0,3,0,0,0,0,0,0,0,0,0,0,0,0,1
ppattanayak,0,0,0,0,0,0,0,0,0,0,0,0,0,0,0,0,1,0,0
prashubk,0,0,0,0,0,0,0,0,0,1,0,0,0,0,0,0,0,0,0
prassanna-ravishankar,0,0,1,0,0,0,0,0,0,0,0,0,0,0,0,0,0,0,0
princejha95,0,1,1,2,0,0,1,1,0,0,1,2,0,0,2,0,0,1,1
priyankjecrc,0,0,2,0,0,0,0,0,0,0,0,0,0,0,0,0,0,0,0
prokolyvakis,0,0,0,1,0,0,0,0,0,0,0,0,0,0,0,0,0,0,0
promptrotator,0,0,0,0,0,2,1,0,0,0,0,0,0,0,0,0,0,0,0
prosa21,0,0,0,0,0,0,0,0,0,0,0,0,0,0,0,0,0,1,0
pstephengoogle,12,2,2,11,11,8,5,0,6,3,7,1,0,3,4,6,3,6,11
pszjmb1,0,0,0,0,0,0,0,1,0,0,0,0,0,0,0,0,0,0,0
ptiper,0,0,0,0,0,1,0,0,0,0,0,0,0,0,2,0,0,0,1
puchengy,0,0,0,0,0,1,0,0,0,0,0,0,0,0,0,0,0,0,0
punkyoon,0,0,0,0,0,0,0,0,0,0,1,0,0,0,0,0,0,0,0
pvlasov,0,0,0,0,0,1,0,0,0,0,0,0,0,0,0,0,0,0,0
pwwpche,0,1,0,0,0,0,0,0,3,0,0,0,0,2,0,0,0,0,0
qiansuo1,0,0,0,0,0,0,0,0,0,0,0,0,0,0,0,0,0,0,1
qingyun-wu,0,0,0,0,0,0,1,0,1,0,0,0,0,0,0,0,0,0,0
questflow-kyle,0,0,0,0,0,0,0,0,0,0,0,0,0,0,0,1,0,0,0
r3motecontrol,0,0,0,0,0,0,0,0,0,0,0,0,0,0,1,0,0,0,0
ragaoua,0,0,0,0,0,0,0,0,0,1,0,0,0,0,0,0,0,0,0
rajeshvelicheti,1,0,4,1,2,7,6,0,0,0,0,1,2,1,11,0,0,2,2
rajhanshdhami,0,0,2,0,0,0,0,0,0,0,0,0,0,0,0,0,0,0,0
rajib76,0,0,0,0,0,0,0,0,0,0,0,0,0,1,0,0,2,0,0
raravena80,0,0,0,0,0,0,1,0,0,0,0,0,0,0,0,0,0,0,0
raveenb,0,0,1,0,0,0,0,0,0,0,0,0,0,0,0,0,0,0,0
rclayton-godaddy,0,0,0,0,0,0,0,0,0,0,0,0,0,0,0,1,0,0,0
reatang,0,0,0,0,0,0,0,0,0,0,0,0,0,0,0,0,0,0,1
rebeccacamejo,0,0,1,0,0,0,0,0,0,1,0,0,0,0,0,0,0,0,0
rescrv,0,0,0,0,1,0,0,0,0,0,0,0,0,0,0,0,0,0,0
reskin89,0,0,0,0,0,1,0,0,0,0,0,0,0,0,0,0,0,0,0
resouer,0,0,0,0,0,0,0,0,0,0,0,0,0,0,0,0,1,0,0
richard-rance,1,0,0,0,0,1,0,0,0,0,0,0,0,0,0,0,0,0,0
richardanaya,0,0,0,1,0,0,0,0,0,0,0,0,0,0,0,1,0,1,0
richgo,0,0,0,0,0,3,0,0,0,0,0,0,0,0,0,0,0,0,0
ritsuki1227,0,0,0,0,0,0,1,0,0,2,0,0,0,0,0,0,0,0,0
robert-at-pretension-io,0,0,2,0,1,0,2,1,2,0,1,3,1,2,1,0,1,4,0
robinmanuelthiel,0,0,0,0,0,1,0,0,0,0,0,0,0,1,0,0,0,0,0
robomotic,0,1,0,0,0,1,0,4,0,0,0,0,0,0,0,0,1,0,0
rodrigallardo,0,0,0,1,0,0,0,0,0,0,0,0,0,0,0,0,0,0,0
rogpeppe,1,0,0,0,0,0,0,0,0,0,1,0,0,0,0,0,0,0,0
rohit2k21,0,0,0,0,0,0,2,0,0,0,0,0,0,0,0,0,0,0,0
rokonec,0,0,0,0,0,0,1,0,0,0,1,0,0,1,0,0,0,0,0
romairi,0,0,0,0,0,0,0,0,0,0,0,0,0,0,0,0,0,1,0
ronaldpetty,0,0,0,0,0,1,0,0,0,0,0,0,0,0,0,0,0,0,0
ronantakizawa,0,0,0,0,0,1,0,0,0,0,0,0,0,0,0,0,0,0,0
rootwarp,0,0,0,0,0,0,0,0,0,0,0,0,1,0,0,0,0,0,0
rrrodzilla,0,0,0,0,0,0,0,1,0,0,0,0,0,0,0,0,0,0,0
rsgrewal-aws,0,0,0,0,0,0,0,0,0,0,0,0,0,0,0,0,1,0,0
rsoika,0,2,0,0,0,0,0,0,0,0,0,0,0,0,0,0,0,0,0
ruFFaa,0,0,1,0,0,0,0,0,0,0,0,0,0,0,0,0,0,0,0
ruanspies,0,0,0,0,0,1,0,0,0,0,0,0,0,0,0,0,0,0,0
ryan-szns,0,0,1,0,0,0,0,0,0,0,0,0,0,0,0,0,0,0,0
sahilcreator07,0,0,0,0,0,0,0,0,0,0,0,0,1,0,0,0,0,0,0
sallespro,0,0,0,0,0,0,0,0,0,0,0,0,0,0,1,0,0,0,1
salqadri,1,0,0,0,0,1,0,0,0,0,1,0,0,0,0,0,0,0,0
sambhav,0,0,0,0,0,1,0,0,0,0,0,0,0,0,0,0,0,0,0
sandangel,1,0,1,1,0,0,0,0,0,0,1,0,0,0,0,0,0,0,0
sandyskies,0,1,0,0,1,0,2,0,0,0,0,0,0,0,0,0,0,0,0
sangpire,0,0,0,0,0,1,0,0,0,0,0,0,0,0,1,0,0,0,0
sanjeevkumar761,0,0,0,0,0,0,0,0,0,0,0,0,1,0,0,0,0,0,0
sarahjaz,0,0,0,0,0,0,1,0,0,0,0,0,0,0,0,0,0,0,0
satendrakumar,0,0,1,0,2,0,1,0,0,0,0,0,0,0,0,0,0,0,0
satishkamavaram,0,0,0,0,0,0,0,0,0,0,0,0,0,0,0,0,1,0,0
schematical,0,0,0,0,0,0,0,0,0,0,0,0,0,0,0,0,0,0,1
scidomino,0,0,0,0,0,1,0,0,0,0,0,0,0,0,0,0,0,2,0
scvthorsten,0,0,0,0,0,0,0,0,0,0,0,0,0,0,0,0,0,0,1
sd0ric4,0,0,0,0,0,0,0,0,0,0,1,0,0,0,0,0,0,0,0
secprog,0,0,0,0,0,0,0,0,0,0,0,0,0,0,0,0,0,1,0
sepo-eng,0,0,0,0,0,0,0,0,0,1,0,0,0,0,0,0,0,0,0
sfitts,0,0,3,0,0,0,0,0,0,0,2,0,0,0,0,0,1,0,0
shaikmoeed,0,0,0,0,0,0,0,0,0,0,0,0,0,0,0,0,0,0,2
shamblett,0,0,0,0,1,0,0,0,0,0,0,1,0,0,0,0,0,0,0
shyam-habarakada,0,0,0,0,0,0,0,1,0,0,0,0,0,0,0,0,0,0,0
siacomuzzi,0,3,0,2,0,0,2,0,0,1,0,0,0,0,0,0,0,0,0
silverheartshafiq,0,1,0,0,0,0,0,0,0,0,0,0,0,0,0,0,0,0,0
simarsher220,1,0,0,0,0,0,0,0,0,0,0,0,0,0,0,0,0,0,0
sing1ee,0,0,2,0,0,0,1,0,0,0,0,0,0,0,0,0,1,1,0
sjanaX01,0,0,0,0,0,0,0,0,0,0,0,0,0,0,1,0,0,0,0
skyfire-ammar,0,1,0,0,0,0,0,0,0,0,0,0,0,0,0,0,0,0,0
smileyboy2019,0,0,0,0,1,0,0,0,0,0,0,0,0,0,0,0,0,0,0
sms03,0,0,0,0,0,0,0,0,1,0,0,0,1,0,0,0,0,1,3
sondotpin,0,0,0,0,0,0,0,0,0,1,0,0,0,0,0,0,0,0,0
spricet,2,0,0,0,0,0,0,0,0,1,1,0,0,0,0,0,0,1,1
sreanik,0,1,0,0,0,0,0,0,0,0,0,0,0,0,0,0,0,0,0
sreejit-a,0,0,0,0,0,0,0,0,0,1,0,0,0,0,0,0,0,0,0
star-gazer111,0,0,1,0,0,0,0,0,0,0,0,0,0,0,0,0,0,0,0
staverm,0,0,0,0,0,0,0,0,0,0,0,0,0,0,0,1,0,0,0
steren,0,0,0,0,0,0,0,0,0,0,0,0,0,0,0,0,0,0,1
stkang90,0,1,0,0,0,0,0,0,0,0,0,0,0,0,0,0,0,0,0
stojangb,0,0,0,0,0,1,0,0,0,0,0,0,0,0,0,0,0,0,0
suensky,0,0,0,0,0,0,0,0,0,0,0,0,0,0,0,0,0,0,1
suforme,0,0,0,0,0,0,0,0,0,0,0,0,0,0,0,0,0,1,0
sunilp,0,0,0,0,0,0,1,0,0,0,0,0,0,0,0,0,0,0,0
sunyuhan1998,0,0,0,0,0,1,0,0,0,0,0,0,0,0,0,0,0,0,1
suvedo,0,0,1,0,0,0,1,1,0,1,0,0,0,0,0,0,0,1,0
swapydapy,5,4,0,12,2,2,4,1,0,1,4,0,0,0,9,2,0,3,1
swarf00,0,1,0,0,0,0,0,0,0,0,0,0,0,0,0,0,0,0,0
sxhxliang,0,0,0,0,0,1,1,0,0,0,0,0,0,0,0,0,0,0,0
syaproj,0,0,0,0,0,0,0,1,0,0,0,0,0,0,0,0,1,0,0
syllogismos,0,0,0,0,0,5,0,0,0,0,0,0,0,1,1,0,0,0,0
syumpx,0,0,0,0,0,0,0,0,0,0,0,0,0,1,0,0,1,0,0
takassh,0,0,0,0,0,1,0,0,0,0,0,0,0,0,0,0,0,0,0
tanemaki,0,0,0,0,0,3,0,0,0,0,0,0,0,0,0,0,0,0,0
tangpingqingwa,0,0,0,0,0,0,0,0,0,0,0,0,0,0,0,0,0,0,1
tanveer-builds,0,0,1,0,0,0,0,0,0,0,0,0,0,0,0,0,0,0,1
taosher,0,0,0,1,0,0,0,0,0,0,0,0,0,0,0,0,0,0,0
tatanka1212,0,0,2,0,0,0,0,0,0,0,0,0,0,0,0,0,0,1,0
thebenignhacker,0,0,0,0,0,0,0,4,0,0,0,0,0,0,0,0,0,0,0
thestupd,0,0,0,0,1,0,0,0,0,0,0,0,0,0,0,0,0,0,0
thisisnotapril,0,0,0,0,0,0,0,0,0,0,0,0,0,2,0,0,0,0,0
tiswanso,0,0,1,0,1,0,0,0,0,1,0,0,0,0,0,0,0,0,0
tobiasopdenbrouw,0,0,0,0,0,0,0,0,0,1,0,0,0,0,0,0,0,0,0
tomasdev,0,0,0,0,0,0,0,1,0,0,0,0,0,0,0,0,0,0,0
tomkis,0,0,0,0,0,1,0,0,0,0,0,0,0,0,0,0,0,1,0
tomsun28,0,0,0,0,2,0,1,0,0,0,0,0,0,0,0,0,0,1,0
tonycai,0,0,0,0,0,1,1,0,0,0,0,0,0,0,0,0,0,0,0
torrmal,0,0,0,0,0,0,0,0,0,0,0,0,1,0,0,0,0,0,0
tot-ra,0,0,2,0,0,0,0,0,0,0,0,0,0,0,0,0,0,0,0
trssantos,0,0,0,0,0,0,0,0,0,1,0,0,0,0,0,0,0,0,0
tucnak,0,0,0,0,0,0,0,0,1,0,0,0,0,0,0,0,0,0,1
tunnckoCore,0,0,0,0,0,0,0,0,0,0,0,0,0,0,0,0,0,1,0
tymorton,0,0,1,0,0,0,0,0,0,0,0,0,0,0,0,0,0,0,0
uestcbraid,0,0,0,0,0,0,0,0,0,0,0,0,0,0,0,1,0,0,0
ujnak,0,0,0,0,0,1,0,0,0,0,0,0,0,0,0,0,0,0,0
ukshankar,0,0,1,0,0,0,0,0,0,0,0,0,0,0,0,0,0,0,0
umariyoob,0,0,0,0,0,1,0,0,0,0,0,0,0,0,0,0,0,0,0
unizhu,0,0,1,0,0,0,0,0,0,0,0,0,0,0,0,0,0,0,0
uttej-vsk,0,0,0,0,0,0,0,0,0,0,0,0,0,0,0,0,0,1,0
vicradon,0,0,0,0,0,1,0,0,0,0,0,0,0,0,0,0,0,0,0
victordibia,0,0,0,0,0,1,0,0,0,0,0,0,0,0,0,0,0,0,0
victorinect,0,0,0,0,0,1,0,0,0,0,0,0,0,0,0,0,0,0,0
vincent-pli,0,0,0,1,0,0,0,0,0,0,0,0,0,0,0,0,0,0,0
vineethsai,0,0,2,0,0,0,0,0,0,0,0,0,0,0,0,0,0,0,0
vinoo999,5,0,1,1,0,1,0,1,1,1,0,0,1,2,0,1,1,10,2
vishalmysore,0,0,2,0,6,2,0,2,2,3,0,0,9,0,0,0,6,4,0
vizmut-labs,0,0,1,0,0,2,0,1,0,1,0,0,0,0,0,0,1,1,0
vladislavdonchev,0,0,0,0,0,0,0,0,0,0,1,0,0,0,0,0,0,1,2
vladkol,0,0,0,0,0,0,0,0,0,0,0,0,0,0,0,1,0,0,0
voidcenter,0,0,0,0,0,0,0,0,0,0,0,0,0,0,1,0,0,0,0
volodya-lombrozo,0,0,0,0,1,1,0,0,0,0,0,0,0,0,0,0,0,0,0
vongosling,1,0,0,0,0,0,0,0,1,0,1,1,1,0,1,0,1,1,1
vuminhoang,0,0,0,0,0,0,0,0,0,0,0,0,0,0,1,0,0,0,0
vvasylkovskyi,0,0,0,0,0,0,0,0,0,0,0,0,0,0,0,1,0,0,0
wadrzl55333,0,0,0,1,0,0,0,0,0,0,0,0,0,0,0,0,0,0,0
waitasecant,0,0,0,0,0,0,0,0,0,0,0,0,0,0,0,0,0,1,0
weiye-Lee,0,0,0,0,0,0,0,0,0,0,0,0,0,0,1,0,0,0,0
wenwenc9,0,0,0,0,0,0,0,0,0,0,0,0,0,0,1,0,0,0,0
wenxichen,1,0,0,0,0,0,0,0,0,0,0,0,0,0,0,0,0,0,0
whitlockjc,0,9,0,0,5,1,1,1,0,0,0,2,0,1,1,3,0,1,4
whysage,3,0,1,4,0,2,4,1,0,3,0,0,0,0,1,0,0,1,0
widrss,0,0,0,0,0,0,0,0,0,0,0,0,2,0,0,0,1,0,0
williamwa,0,0,0,0,0,0,1,0,0,0,0,0,0,0,0,0,0,0,0
wilsonsilva,0,0,0,0,1,0,0,0,0,0,0,0,0,0,0,0,0,1,1
wjcwjc77,1,0,0,0,0,0,0,0,0,0,0,0,0,0,0,0,1,0,0
workkrinal-02,0,0,0,0,0,0,0,0,0,0,0,0,0,0,0,0,1,0,0
wsandy1,0,0,0,0,0,1,0,0,0,0,0,0,0,0,0,0,0,0,0
wushubang,0,0,0,2,0,0,0,0,0,0,0,0,0,0,0,0,1,0,0
x0cipher,0,0,1,0,0,0,0,0,0,0,0,0,0,0,0,0,0,0,0
xiongwenxin123,1,0,0,0,0,0,0,0,0,0,0,0,0,0,0,0,1,0,0
xtrasmal,0,0,2,0,0,0,0,0,0,0,0,0,0,0,0,0,2,0,0
xtrycatchx,0,1,0,0,0,0,0,0,0,0,0,0,0,0,0,0,0,0,0
xui-will,1,0,0,0,0,0,0,0,1,0,2,0,0,0,0,0,0,0,0
y-d-y,0,0,0,0,0,0,0,0,1,0,0,0,0,0,0,0,0,0,0
y-tabata,0,1,0,0,0,0,0,0,0,0,0,0,0,0,0,0,0,0,0
yadav,0,0,0,0,0,2,0,0,0,0,0,0,0,0,0,0,0,0,0
yairyairyair,0,0,1,0,0,0,0,0,0,0,0,0,0,0,0,0,0,0,0
yangchi,0,0,0,0,0,0,0,0,0,1,0,0,0,0,0,0,0,0,0
yangyang-yyy,0,0,0,1,0,0,0,0,0,0,0,0,0,0,0,2,0,0,0
yarolegovich,8,1,0,6,1,3,0,0,1,2,8,0,0,0,3,6,0,18,1
yaronf,0,0,1,0,0,0,0,0,0,0,0,0,0,1,0,0,0,0,0
yasonk,0,0,0,0,0,1,0,0,0,0,0,0,0,1,0,1,1,0,0
ydennisy,0,1,1,0,0,0,1,0,0,0,0,0,2,0,0,0,1,3,0
yedidel,1,0,0,1,0,0,0,1,0,0,0,0,0,0,0,0,0,0,0
yichenj,0,0,0,0,0,0,0,0,0,0,0,0,0,0,0,1,0,0,0
ymmt2005,0,0,1,0,0,0,0,0,0,0,0,0,0,0,0,0,0,0,0
ysxu666,0,0,0,0,0,0,0,0,0,0,0,0,1,0,0,0,0,1,1
yu-iskw,0,1,0,0,0,0,0,0,0,0,0,0,0,0,0,0,0,0,0
yukuanj,0,0,0,1,0,0,0,0,0,0,0,0,0,0,0,0,0,0,0
yuluo-yx,0,0,0,0,0,0,1,0,0,0,0,0,0,0,0,0,0,0,0
yuqingzcn,0,0,0,0,0,0,0,0,0,0,0,0,0,0,0,0,0,1,0
yzhao244,0,0,0,0,0,3,0,0,0,1,0,0,0,0,0,0,0,0,0
z-a-f,0,0,0,0,0,0,0,0,1,0,0,0,0,0,0,0,0,0,0
z2z23n0,0,0,0,0,0,1,0,0,0,0,0,0,0,0,0,0,0,0,1
zamorofthat,0,0,0,0,0,0,0,0,0,0,0,0,1,0,0,0,0,1,0
zchee,1,0,0,0,0,0,0,0,0,0,0,0,0,0,0,0,0,0,1
zeroasterisk,3,2,1,1,1,9,6,0,0,0,0,4,1,3,4,0,0,2,2
zhangjh,0,0,0,0,0,0,0,0,0,0,0,0,0,0,0,0,0,0,1
zhengleibin,0,0,0,0,0,0,0,0,1,0,0,0,0,0,0,0,0,1,0
zhenjunMa,0,0,0,0,0,0,2,0,0,0,0,0,0,0,2,0,0,0,1
zmstone,0,0,0,0,0,0,0,0,0,0,0,0,1,0,0,0,0,0,0
zomux,0,0,0,0,0,0,1,0,0,0,0,0,0,0,0,0,0,0,0
zoujie-ee,0,0,0,0,1,0,0,0,0,0,0,0,0,0,0,0,0,0,2
zzstoatzz,0,0,0,0,1,0,2,0,0,0,0,0,0,0,0,0,0,0,0
zzxwill,0,0,0,0,0,0,0,0,0,0,0,0,0,0,0,0,0,0,7
